Timestamp,Gesture,Action
2025-06-16 19:35:28,SCREENSHOT,Screenshot saved as screenshot_20250616_193528.png
2025-06-16 19:35:32,BRIGHTNESS,Brightness: 34%
2025-06-16 19:35:32,BRIGHTNESS,Brightness: 26%
2025-06-16 19:35:32,BRIGHTNESS,Brightness: 25%
2025-06-16 19:35:32,BRIGHTNESS,Brightness: 24%
2025-06-16 19:35:32,BRIGHTNESS,Brightness: 23%
2025-06-16 19:35:32,BRIGHTNESS,Brightness: 22%
2025-06-16 19:35:32,BRIGHTNESS,Brightness: 23%
2025-06-16 19:35:32,BRIGHTNESS,Brightness: 23%
2025-06-16 19:35:32,BRIGHTNESS,Brightness: 23%
2025-06-16 19:35:33,BRIGHTNESS,Brightness: 23%
2025-06-16 19:35:33,BRIGHTNESS,Brightness: 23%
2025-06-16 19:35:33,BRIGHTNESS,Brightness: 22%
2025-06-16 19:35:33,BRIGHTNESS,Brightness: 22%
2025-06-16 19:35:33,BRIGHTNESS,Brightness: 21%
2025-06-16 19:35:33,BRIGHTNESS,Brightness: 22%
2025-06-16 19:35:33,BRIGHTNESS,Brightness: 21%
2025-06-16 19:35:33,BRIGHTNESS,Brightness: 21%
2025-06-16 19:35:33,BRIGHTNESS,Brightness: 21%
2025-06-16 19:35:33,BRIGHTNESS,Brightness: 21%
2025-06-16 19:35:34,BRIGHTNESS,Brightness: 20%
2025-06-16 19:35:34,BRIGHTNESS,Brightness: 20%
2025-06-16 19:35:34,BRIGHTNESS,Brightness: 20%
2025-06-16 19:35:34,BRIGHTNESS,Brightness: 20%
2025-06-16 19:35:34,BRIGHTNESS,Brightness: 21%
2025-06-16 19:35:34,BRIGHTNESS,Brightness: 20%
2025-06-16 19:35:34,BRIGHTNESS,Brightness: 20%
2025-06-16 19:35:34,BRIGHTNESS,Brightness: 21%
2025-06-16 19:35:34,BRIGHTNESS,Brightness: 22%
2025-06-16 19:35:34,BRIGHTNESS,Brightness: 22%
2025-06-16 19:35:35,BRIGHTNESS,Brightness: 22%
2025-06-16 19:35:35,BRIGHTNESS,Brightness: 21%
2025-06-16 19:35:35,BRIGHTNESS,Brightness: 21%
2025-06-16 19:35:35,BRIGHTNESS,Brightness: 21%
2025-06-16 19:35:35,BRIGHTNESS,Brightness: 22%
2025-06-16 19:35:35,BRIGHTNESS,Brightness: 23%
2025-06-16 19:35:35,BRIGHTNESS,Brightness: 23%
2025-06-16 19:35:35,BRIGHTNESS,Brightness: 23%
2025-06-16 19:35:35,BRIGHTNESS,Brightness: 24%
2025-06-16 19:35:35,BRIGHTNESS,Brightness: 23%
2025-06-16 19:35:35,BRIGHTNESS,Brightness: 23%
2025-06-16 19:35:36,BRIGHTNESS,Brightness: 23%
2025-06-16 19:35:36,BRIGHTNESS,Brightness: 23%
2025-06-16 19:35:36,BRIGHTNESS,Brightness: 24%
2025-06-16 19:35:36,BRIGHTNESS,Brightness: 24%
2025-06-16 19:35:36,BRIGHTNESS,Brightness: 25%
2025-06-16 19:35:36,BRIGHTNESS,Brightness: 26%
2025-06-16 19:35:36,BRIGHTNESS,Brightness: 26%
2025-06-16 19:35:36,BRIGHTNESS,Brightness: 26%
2025-06-16 19:35:36,BRIGHTNESS,Brightness: 26%
2025-06-16 19:35:36,BRIGHTNESS,Brightness: 26%
2025-06-16 19:35:37,BRIGHTNESS,Brightness: 26%
2025-06-16 19:35:37,BRIGHTNESS,Brightness: 26%
2025-06-16 19:35:37,BRIGHTNESS,Brightness: 26%
2025-06-16 19:35:37,BRIGHTNESS,Brightness: 25%
2025-06-16 19:35:37,BRIGHTNESS,Brightness: 25%
2025-06-16 19:35:37,BRIGHTNESS,Brightness: 24%
2025-06-16 19:35:37,BRIGHTNESS,Brightness: 24%
2025-06-16 19:35:37,BRIGHTNESS,Brightness: 24%
2025-06-16 19:35:37,BRIGHTNESS,Brightness: 24%
2025-06-16 19:35:37,BRIGHTNESS,Brightness: 23%
2025-06-16 19:35:37,BRIGHTNESS,Brightness: 24%
2025-06-16 19:35:37,BRIGHTNESS,Brightness: 23%
2025-06-16 19:35:38,BRIGHTNESS,Brightness: 22%
2025-06-16 19:35:38,BRIGHTNESS,Brightness: 22%
2025-06-16 19:35:38,BRIGHTNESS,Brightness: 23%
2025-06-16 19:35:38,BRIGHTNESS,Brightness: 22%
2025-06-16 19:35:38,BRIGHTNESS,Brightness: 23%
2025-06-16 19:35:38,BRIGHTNESS,Brightness: 23%
2025-06-16 19:35:38,BRIGHTNESS,Brightness: 23%
2025-06-16 19:35:38,BRIGHTNESS,Brightness: 23%
2025-06-16 19:35:38,BRIGHTNESS,Brightness: 23%
2025-06-16 19:35:38,BRIGHTNESS,Brightness: 21%
2025-06-16 19:35:38,BRIGHTNESS,Brightness: 21%
2025-06-16 19:35:39,BRIGHTNESS,Brightness: 15%
2025-06-16 19:35:39,BRIGHTNESS,Brightness: 7%
2025-06-16 19:35:39,BRIGHTNESS,Brightness: 4%
2025-06-16 19:35:39,BRIGHTNESS,Brightness: 2%
2025-06-16 19:35:39,BRIGHTNESS,Brightness: 0%
2025-06-16 19:35:39,BRIGHTNESS,Brightness: 0%
2025-06-16 19:35:39,BRIGHTNESS,Brightness: 0%
2025-06-16 19:35:39,BRIGHTNESS,Brightness: 0%
2025-06-16 19:35:39,BRIGHTNESS,Brightness: 0%
2025-06-16 19:35:39,BRIGHTNESS,Brightness: 0%
2025-06-16 19:35:39,BRIGHTNESS,Brightness: 0%
2025-06-16 19:35:40,BRIGHTNESS,Brightness: 0%
2025-06-16 19:35:40,BRIGHTNESS,Brightness: 0%
2025-06-16 19:35:40,BRIGHTNESS,Brightness: 0%
2025-06-16 19:35:40,BRIGHTNESS,Brightness: 0%
2025-06-16 19:35:40,BRIGHTNESS,Brightness: 0%
2025-06-16 19:35:40,BRIGHTNESS,Brightness: 11%
2025-06-16 19:35:40,BRIGHTNESS,Brightness: 14%
2025-06-16 19:35:40,BRIGHTNESS,Brightness: 17%
2025-06-16 19:35:40,BRIGHTNESS,Brightness: 18%
2025-06-16 19:35:40,BRIGHTNESS,Brightness: 18%
2025-06-16 19:35:40,BRIGHTNESS,Brightness: 14%
2025-06-16 19:35:41,BRIGHTNESS,Brightness: 0%
2025-06-16 19:35:42,BRIGHTNESS,Brightness: 0%
2025-06-16 19:35:42,BRIGHTNESS,Brightness: 4%
2025-06-16 19:35:42,BRIGHTNESS,Brightness: 15%
2025-06-16 19:35:42,BRIGHTNESS,Brightness: 15%
2025-06-16 19:35:42,BRIGHTNESS,Brightness: 9%
2025-06-16 19:35:42,BRIGHTNESS,Brightness: 9%
2025-06-16 19:35:42,BRIGHTNESS,Brightness: 1%
2025-06-16 19:35:42,BRIGHTNESS,Brightness: 0%
2025-06-16 19:35:42,BRIGHTNESS,Brightness: 0%
2025-06-16 19:35:42,BRIGHTNESS,Brightness: 0%
2025-06-16 19:35:42,BRIGHTNESS,Brightness: 0%
2025-06-16 19:35:43,BRIGHTNESS,Brightness: 0%
2025-06-16 19:35:43,BRIGHTNESS,Brightness: 0%
2025-06-16 19:35:43,BRIGHTNESS,Brightness: 0%
2025-06-16 19:35:43,BRIGHTNESS,Brightness: 0%
2025-06-16 19:35:43,BRIGHTNESS,Brightness: 0%
2025-06-16 19:35:43,BRIGHTNESS,Brightness: 0%
2025-06-16 19:35:43,BRIGHTNESS,Brightness: 0%
2025-06-16 19:35:43,BRIGHTNESS,Brightness: 0%
2025-06-16 19:35:43,BRIGHTNESS,Brightness: 0%
2025-06-16 19:35:43,BRIGHTNESS,Brightness: 0%
2025-06-16 19:35:44,BRIGHTNESS,Brightness: 0%
2025-06-16 19:35:44,BRIGHTNESS,Brightness: 0%
2025-06-16 19:35:44,BRIGHTNESS,Brightness: 0%
2025-06-16 19:35:44,BRIGHTNESS,Brightness: 0%
2025-06-16 19:35:44,BRIGHTNESS,Brightness: 0%
2025-06-16 19:35:44,BRIGHTNESS,Brightness: 0%
2025-06-16 19:35:44,BRIGHTNESS,Brightness: 0%
2025-06-16 19:35:44,BRIGHTNESS,Brightness: 0%
2025-06-16 19:35:44,BRIGHTNESS,Brightness: 0%
2025-06-16 19:35:44,BRIGHTNESS,Brightness: 0%
2025-06-16 19:35:44,BRIGHTNESS,Brightness: 0%
2025-06-16 19:35:45,BRIGHTNESS,Brightness: 0%
2025-06-16 19:35:45,BRIGHTNESS,Brightness: 0%
2025-06-16 19:35:45,BRIGHTNESS,Brightness: 0%
2025-06-16 19:35:45,BRIGHTNESS,Brightness: 0%
2025-06-16 19:35:45,BRIGHTNESS,Brightness: 3%
2025-06-16 19:35:45,BRIGHTNESS,Brightness: 5%
2025-06-16 19:35:45,BRIGHTNESS,Brightness: 6%
2025-06-16 19:35:45,BRIGHTNESS,Brightness: 4%
2025-06-16 19:35:45,BRIGHTNESS,Brightness: 4%
2025-06-16 19:35:45,BRIGHTNESS,Brightness: 2%
2025-06-16 19:35:46,BRIGHTNESS,Brightness: 1%
2025-06-16 19:35:46,BRIGHTNESS,Brightness: 1%
2025-06-16 19:35:46,BRIGHTNESS,Brightness: 1%
2025-06-16 19:35:46,BRIGHTNESS,Brightness: 0%
2025-06-16 19:35:46,BRIGHTNESS,Brightness: 0%
2025-06-16 19:35:46,BRIGHTNESS,Brightness: 0%
2025-06-16 19:35:46,BRIGHTNESS,Brightness: 0%
2025-06-16 19:35:46,BRIGHTNESS,Brightness: 0%
2025-06-16 19:35:46,BRIGHTNESS,Brightness: 0%
2025-06-16 19:35:46,BRIGHTNESS,Brightness: 0%
2025-06-16 19:35:46,BRIGHTNESS,Brightness: 7%
2025-06-16 19:35:47,BRIGHTNESS,Brightness: 7%
2025-06-16 19:35:47,BRIGHTNESS,Brightness: 7%
2025-06-16 19:35:47,BRIGHTNESS,Brightness: 10%
2025-06-16 19:35:47,BRIGHTNESS,Brightness: 11%
2025-06-16 19:35:47,BRIGHTNESS,Brightness: 13%
2025-06-16 19:35:47,BRIGHTNESS,Brightness: 12%
2025-06-16 19:35:47,BRIGHTNESS,Brightness: 13%
2025-06-16 19:35:47,BRIGHTNESS,Brightness: 14%
2025-06-16 19:35:47,BRIGHTNESS,Brightness: 15%
2025-06-16 19:35:47,BRIGHTNESS,Brightness: 16%
2025-06-16 19:35:47,BRIGHTNESS,Brightness: 17%
2025-06-16 19:35:48,BRIGHTNESS,Brightness: 17%
2025-06-16 19:35:48,BRIGHTNESS,Brightness: 17%
2025-06-16 19:35:48,BRIGHTNESS,Brightness: 18%
2025-06-16 19:35:48,BRIGHTNESS,Brightness: 18%
2025-06-16 19:35:48,BRIGHTNESS,Brightness: 19%
2025-06-16 19:35:48,BRIGHTNESS,Brightness: 19%
2025-06-16 19:35:48,BRIGHTNESS,Brightness: 20%
2025-06-16 19:35:48,BRIGHTNESS,Brightness: 20%
2025-06-16 19:35:48,BRIGHTNESS,Brightness: 21%
2025-06-16 19:35:48,BRIGHTNESS,Brightness: 22%
2025-06-16 19:35:49,BRIGHTNESS,Brightness: 22%
2025-06-16 19:35:49,BRIGHTNESS,Brightness: 22%
2025-06-16 19:35:49,BRIGHTNESS,Brightness: 22%
2025-06-16 19:35:49,BRIGHTNESS,Brightness: 22%
2025-06-16 19:35:49,BRIGHTNESS,Brightness: 22%
2025-06-16 19:35:49,BRIGHTNESS,Brightness: 22%
2025-06-16 19:35:49,BRIGHTNESS,Brightness: 20%
2025-06-16 19:35:49,BRIGHTNESS,Brightness: 21%
2025-06-16 19:35:49,BRIGHTNESS,Brightness: 19%
2025-06-16 19:35:50,BRIGHTNESS,Brightness: 0%
2025-06-16 19:35:50,BRIGHTNESS,Brightness: 1%
2025-06-16 19:35:50,BRIGHTNESS,Brightness: 10%
2025-06-16 19:35:51,BRIGHTNESS,Brightness: 18%
2025-06-16 19:35:51,BRIGHTNESS,Brightness: 22%
2025-06-16 19:35:51,BRIGHTNESS,Brightness: 22%
2025-06-16 19:35:51,BRIGHTNESS,Brightness: 23%
2025-06-16 19:35:51,BRIGHTNESS,Brightness: 23%
2025-06-16 19:35:51,BRIGHTNESS,Brightness: 22%
2025-06-16 19:35:51,BRIGHTNESS,Brightness: 18%
2025-06-16 19:35:51,BRIGHTNESS,Brightness: 17%
2025-06-16 19:35:51,BRIGHTNESS,Brightness: 17%
2025-06-16 19:35:51,BRIGHTNESS,Brightness: 14%
2025-06-16 19:35:51,BRIGHTNESS,Brightness: 13%
2025-06-16 19:35:52,BRIGHTNESS,Brightness: 7%
2025-06-16 19:35:52,BRIGHTNESS,Brightness: 7%
2025-06-16 19:35:52,BRIGHTNESS,Brightness: 0%
2025-06-16 19:35:52,BRIGHTNESS,Brightness: 0%
2025-06-16 19:35:52,BRIGHTNESS,Brightness: 0%
2025-06-16 19:35:52,BRIGHTNESS,Brightness: 0%
2025-06-16 19:35:52,BRIGHTNESS,Brightness: 0%
2025-06-16 19:35:52,BRIGHTNESS,Brightness: 0%
2025-06-16 19:35:52,BRIGHTNESS,Brightness: 0%
2025-06-16 19:35:52,BRIGHTNESS,Brightness: 0%
2025-06-16 19:35:52,BRIGHTNESS,Brightness: 0%
2025-06-16 19:35:53,BRIGHTNESS,Brightness: 0%
2025-06-16 19:35:53,BRIGHTNESS,Brightness: 0%
2025-06-16 19:35:53,BRIGHTNESS,Brightness: 6%
2025-06-16 19:35:53,BRIGHTNESS,Brightness: 10%
2025-06-16 19:35:53,BRIGHTNESS,Brightness: 9%
2025-06-16 19:35:53,BRIGHTNESS,Brightness: 21%
2025-06-16 19:35:53,BRIGHTNESS,Brightness: 26%
2025-06-16 19:35:53,BRIGHTNESS,Brightness: 28%
2025-06-16 19:35:53,BRIGHTNESS,Brightness: 27%
2025-06-16 19:35:53,BRIGHTNESS,Brightness: 27%
2025-06-16 19:35:54,BRIGHTNESS,Brightness: 26%
2025-06-16 19:35:54,BRIGHTNESS,Brightness: 26%
2025-06-16 19:35:54,BRIGHTNESS,Brightness: 25%
2025-06-16 19:35:54,BRIGHTNESS,Brightness: 23%
2025-06-16 19:35:54,BRIGHTNESS,Brightness: 24%
2025-06-16 19:35:54,BRIGHTNESS,Brightness: 23%
2025-06-16 19:35:54,BRIGHTNESS,Brightness: 23%
2025-06-16 19:35:54,BRIGHTNESS,Brightness: 23%
2025-06-16 19:35:54,BRIGHTNESS,Brightness: 23%
2025-06-16 19:35:54,BRIGHTNESS,Brightness: 21%
2025-06-16 19:35:55,BRIGHTNESS,Brightness: 15%
2025-06-16 19:35:55,BRIGHTNESS,Brightness: 11%
2025-06-16 19:35:55,BRIGHTNESS,Brightness: 12%
2025-06-16 19:35:55,BRIGHTNESS,Brightness: 0%
2025-06-16 19:35:55,BRIGHTNESS,Brightness: 0%
2025-06-16 19:35:55,BRIGHTNESS,Brightness: 0%
2025-06-16 19:35:55,BRIGHTNESS,Brightness: 0%
2025-06-16 19:35:55,BRIGHTNESS,Brightness: 0%
2025-06-16 19:35:55,BRIGHTNESS,Brightness: 0%
2025-06-16 19:35:55,BRIGHTNESS,Brightness: 0%
2025-06-16 19:35:55,BRIGHTNESS,Brightness: 0%
2025-06-16 19:35:56,BRIGHTNESS,Brightness: 0%
2025-06-16 19:35:56,BRIGHTNESS,Brightness: 0%
2025-06-16 19:35:56,BRIGHTNESS,Brightness: 0%
2025-06-16 19:35:56,BRIGHTNESS,Brightness: 0%
2025-06-16 19:35:56,BRIGHTNESS,Brightness: 0%
2025-06-16 19:35:56,BRIGHTNESS,Brightness: 0%
2025-06-16 19:35:56,BRIGHTNESS,Brightness: 0%
2025-06-16 19:35:56,BRIGHTNESS,Brightness: 0%
2025-06-16 19:35:56,BRIGHTNESS,Brightness: 0%
2025-06-16 19:35:56,BRIGHTNESS,Brightness: 0%
2025-06-16 19:35:56,BRIGHTNESS,Brightness: 0%
2025-06-16 19:35:57,BRIGHTNESS,Brightness: 0%
2025-06-16 19:35:57,BRIGHTNESS,Brightness: 0%
2025-06-16 19:35:57,BRIGHTNESS,Brightness: 0%
2025-06-16 19:35:57,BRIGHTNESS,Brightness: 0%
2025-06-16 19:35:57,BRIGHTNESS,Brightness: 0%
2025-06-16 19:35:57,BRIGHTNESS,Brightness: 0%
2025-06-16 19:35:57,BRIGHTNESS,Brightness: 0%
2025-06-16 19:35:57,BRIGHTNESS,Brightness: 0%
2025-06-16 19:35:57,BRIGHTNESS,Brightness: 0%
2025-06-16 19:35:57,BRIGHTNESS,Brightness: 0%
2025-06-16 19:35:57,BRIGHTNESS,Brightness: 0%
2025-06-16 19:35:57,BRIGHTNESS,Brightness: 0%
2025-06-16 19:35:58,BRIGHTNESS,Brightness: 0%
2025-06-16 19:35:58,BRIGHTNESS,Brightness: 0%
2025-06-16 19:35:58,BRIGHTNESS,Brightness: 0%
2025-06-16 19:35:58,BRIGHTNESS,Brightness: 0%
2025-06-16 19:35:58,BRIGHTNESS,Brightness: 0%
2025-06-16 19:35:58,BRIGHTNESS,Brightness: 0%
2025-06-16 19:35:58,BRIGHTNESS,Brightness: 0%
2025-06-16 19:35:58,BRIGHTNESS,Brightness: 4%
2025-06-16 19:35:58,BRIGHTNESS,Brightness: 8%
2025-06-16 19:35:58,BRIGHTNESS,Brightness: 18%
2025-06-16 19:35:59,BRIGHTNESS,Brightness: 16%
2025-06-16 19:35:59,BRIGHTNESS,Brightness: 22%
2025-06-16 19:35:59,BRIGHTNESS,Brightness: 23%
2025-06-16 19:35:59,BRIGHTNESS,Brightness: 25%
2025-06-16 19:35:59,BRIGHTNESS,Brightness: 25%
2025-06-16 19:35:59,BRIGHTNESS,Brightness: 25%
2025-06-16 19:35:59,BRIGHTNESS,Brightness: 25%
2025-06-16 19:35:59,BRIGHTNESS,Brightness: 28%
2025-06-16 19:35:59,BRIGHTNESS,Brightness: 30%
2025-06-16 19:35:59,BRIGHTNESS,Brightness: 32%
2025-06-16 19:35:59,BRIGHTNESS,Brightness: 32%
2025-06-16 19:36:00,BRIGHTNESS,Brightness: 38%
2025-06-16 19:36:00,BRIGHTNESS,Brightness: 44%
2025-06-16 19:36:00,BRIGHTNESS,Brightness: 46%
2025-06-16 19:36:00,BRIGHTNESS,Brightness: 54%
2025-06-16 19:36:00,BRIGHTNESS,Brightness: 43%
2025-06-16 19:36:01,BRIGHTNESS,Brightness: 57%
2025-06-16 19:36:01,BRIGHTNESS,Brightness: 59%
2025-06-16 19:36:01,BRIGHTNESS,Brightness: 68%
2025-06-16 19:36:01,BRIGHTNESS,Brightness: 67%
2025-06-16 19:36:02,BRIGHTNESS,Brightness: 50%
2025-06-16 19:36:02,BRIGHTNESS,Brightness: 49%
2025-06-16 19:36:04,BRIGHTNESS,Brightness: 49%
2025-06-16 19:36:04,BRIGHTNESS,Brightness: 66%
2025-06-16 19:36:04,BRIGHTNESS,Brightness: 68%
2025-06-16 19:36:04,BRIGHTNESS,Brightness: 72%
2025-06-16 19:36:04,BRIGHTNESS,Brightness: 79%
2025-06-16 19:36:04,BRIGHTNESS,Brightness: 81%
2025-06-16 19:36:04,BRIGHTNESS,Brightness: 82%
2025-06-16 19:36:04,BRIGHTNESS,Brightness: 82%
2025-06-16 19:36:05,BRIGHTNESS,Brightness: 85%
2025-06-16 19:36:05,BRIGHTNESS,Brightness: 88%
2025-06-16 19:36:05,BRIGHTNESS,Brightness: 88%
2025-06-16 19:36:05,BRIGHTNESS,Brightness: 93%
2025-06-16 19:36:05,BRIGHTNESS,Brightness: 95%
2025-06-16 19:36:05,BRIGHTNESS,Brightness: 99%
2025-06-16 19:36:05,BRIGHTNESS,Brightness: 100%
2025-06-16 19:36:05,BRIGHTNESS,Brightness: 100%
2025-06-16 19:36:05,BRIGHTNESS,Brightness: 100%
2025-06-16 19:36:05,BRIGHTNESS,Brightness: 100%
2025-06-16 19:36:06,BRIGHTNESS,Brightness: 100%
2025-06-16 19:36:06,BRIGHTNESS,Brightness: 100%
2025-06-16 19:36:06,BRIGHTNESS,Brightness: 100%
2025-06-16 19:36:06,BRIGHTNESS,Brightness: 100%
2025-06-16 19:36:06,BRIGHTNESS,Brightness: 100%
2025-06-16 19:36:06,BRIGHTNESS,Brightness: 100%
2025-06-16 19:36:06,BRIGHTNESS,Brightness: 100%
2025-06-16 19:36:06,BRIGHTNESS,Brightness: 100%
2025-06-16 19:36:06,BRIGHTNESS,Brightness: 100%
2025-06-16 19:36:06,BRIGHTNESS,Brightness: 100%
2025-06-16 19:36:07,BRIGHTNESS,Brightness: 100%
2025-06-16 19:36:07,BRIGHTNESS,Brightness: 100%
2025-06-16 19:36:07,BRIGHTNESS,Brightness: 100%
2025-06-16 19:36:07,BRIGHTNESS,Brightness: 100%
2025-06-16 19:36:07,BRIGHTNESS,Brightness: 100%
2025-06-16 19:36:07,BRIGHTNESS,Brightness: 97%
2025-06-16 19:36:07,BRIGHTNESS,Brightness: 96%
2025-06-16 19:36:07,BRIGHTNESS,Brightness: 93%
2025-06-16 19:36:07,BRIGHTNESS,Brightness: 89%
2025-06-16 19:36:07,BRIGHTNESS,Brightness: 88%
2025-06-16 19:36:08,BRIGHTNESS,Brightness: 88%
2025-06-16 19:36:08,BRIGHTNESS,Brightness: 87%
2025-06-16 19:36:08,BRIGHTNESS,Brightness: 86%
2025-06-16 19:36:08,BRIGHTNESS,Brightness: 82%
2025-06-16 19:36:08,BRIGHTNESS,Brightness: 81%
2025-06-16 19:36:08,BRIGHTNESS,Brightness: 81%
2025-06-16 19:36:08,BRIGHTNESS,Brightness: 81%
2025-06-16 19:36:08,BRIGHTNESS,Brightness: 81%
2025-06-16 19:36:08,BRIGHTNESS,Brightness: 79%
2025-06-16 19:36:08,BRIGHTNESS,Brightness: 77%
2025-06-16 19:36:09,BRIGHTNESS,Brightness: 72%
2025-06-16 19:36:09,BRIGHTNESS,Brightness: 72%
2025-06-16 19:36:09,BRIGHTNESS,Brightness: 72%
2025-06-16 19:36:09,BRIGHTNESS,Brightness: 76%
2025-06-16 19:36:09,BRIGHTNESS,Brightness: 80%
2025-06-16 19:36:09,BRIGHTNESS,Brightness: 88%
2025-06-16 19:36:09,BRIGHTNESS,Brightness: 91%
2025-06-16 19:36:09,BRIGHTNESS,Brightness: 91%
2025-06-16 19:36:09,BRIGHTNESS,Brightness: 95%
2025-06-16 19:36:10,BRIGHTNESS,Brightness: 97%
2025-06-16 19:36:10,BRIGHTNESS,Brightness: 100%
2025-06-16 19:36:10,BRIGHTNESS,Brightness: 100%
2025-06-16 19:36:10,BRIGHTNESS,Brightness: 100%
2025-06-16 19:36:10,BRIGHTNESS,Brightness: 100%
2025-06-16 19:36:10,BRIGHTNESS,Brightness: 100%
2025-06-16 19:36:10,BRIGHTNESS,Brightness: 100%
2025-06-16 19:36:10,BRIGHTNESS,Brightness: 100%
2025-06-16 19:36:10,BRIGHTNESS,Brightness: 100%
2025-06-16 19:36:10,BRIGHTNESS,Brightness: 100%
2025-06-16 19:36:10,BRIGHTNESS,Brightness: 100%
2025-06-16 19:36:10,BRIGHTNESS,Brightness: 100%
2025-06-16 19:36:11,BRIGHTNESS,Brightness: 100%
2025-06-16 19:36:11,BRIGHTNESS,Brightness: 93%
2025-06-16 19:36:11,BRIGHTNESS,Brightness: 93%
2025-06-16 19:36:11,BRIGHTNESS,Brightness: 91%
2025-06-16 19:36:11,BRIGHTNESS,Brightness: 88%
2025-06-16 19:36:11,BRIGHTNESS,Brightness: 82%
2025-06-16 19:36:11,BRIGHTNESS,Brightness: 76%
2025-06-16 19:36:11,BRIGHTNESS,Brightness: 75%
2025-06-16 19:36:11,BRIGHTNESS,Brightness: 73%
2025-06-16 19:36:11,BRIGHTNESS,Brightness: 68%
2025-06-16 19:36:12,BRIGHTNESS,Brightness: 68%
2025-06-16 19:36:12,BRIGHTNESS,Brightness: 67%
2025-06-16 19:36:12,BRIGHTNESS,Brightness: 66%
2025-06-16 19:36:12,BRIGHTNESS,Brightness: 60%
2025-06-16 19:36:12,BRIGHTNESS,Brightness: 56%
2025-06-16 19:36:12,BRIGHTNESS,Brightness: 55%
2025-06-16 19:36:12,BRIGHTNESS,Brightness: 57%
2025-06-16 19:36:12,BRIGHTNESS,Brightness: 59%
2025-06-16 19:36:12,BRIGHTNESS,Brightness: 59%
2025-06-16 19:36:12,BRIGHTNESS,Brightness: 59%
2025-06-16 19:36:13,BRIGHTNESS,Brightness: 59%
2025-06-16 19:36:13,BRIGHTNESS,Brightness: 58%
2025-06-16 19:36:13,BRIGHTNESS,Brightness: 60%
2025-06-16 19:36:17,BRIGHTNESS,Brightness: 72%
2025-06-16 19:36:18,BRIGHTNESS,Brightness: 73%
2025-06-16 19:36:18,BRIGHTNESS,Brightness: 71%
2025-06-16 19:36:18,BRIGHTNESS,Brightness: 71%
2025-06-16 19:36:19,BRIGHTNESS,Brightness: 73%
2025-06-16 19:36:19,BRIGHTNESS,Brightness: 72%
2025-06-16 19:36:19,BRIGHTNESS,Brightness: 71%
2025-06-16 19:36:19,BRIGHTNESS,Brightness: 71%
2025-06-16 19:36:19,BRIGHTNESS,Brightness: 71%
2025-06-16 19:36:19,BRIGHTNESS,Brightness: 70%
2025-06-16 19:36:19,BRIGHTNESS,Brightness: 70%
2025-06-16 19:36:19,BRIGHTNESS,Brightness: 70%
2025-06-16 19:36:19,BRIGHTNESS,Brightness: 69%
2025-06-16 19:36:19,BRIGHTNESS,Brightness: 68%
2025-06-16 19:36:19,BRIGHTNESS,Brightness: 68%
2025-06-16 19:36:20,BRIGHTNESS,Brightness: 68%
2025-06-16 19:36:20,BRIGHTNESS,Brightness: 67%
2025-06-16 19:36:20,BRIGHTNESS,Brightness: 65%
2025-06-16 19:36:20,BRIGHTNESS,Brightness: 62%
2025-06-16 19:36:20,BRIGHTNESS,Brightness: 62%
2025-06-16 19:36:20,BRIGHTNESS,Brightness: 54%
2025-06-16 19:36:20,BRIGHTNESS,Brightness: 54%
2025-06-16 19:36:20,BRIGHTNESS,Brightness: 53%
2025-06-16 19:36:21,BRIGHTNESS,Brightness: 58%
2025-06-16 19:36:21,BRIGHTNESS,Brightness: 65%
2025-06-16 19:36:21,BRIGHTNESS,Brightness: 65%
2025-06-16 19:36:22,BRIGHTNESS,Brightness: 66%
2025-06-16 19:36:22,BRIGHTNESS,Brightness: 66%
2025-06-16 19:36:22,BRIGHTNESS,Brightness: 68%
2025-06-16 19:36:22,BRIGHTNESS,Brightness: 68%
2025-06-16 19:36:25,COPY,Copy action
2025-06-16 19:36:26,COPY,Copy action
2025-06-16 19:36:26,COPY,Copy action
2025-06-16 19:36:26,COPY,Copy action
2025-06-16 19:36:26,COPY,Copy action
2025-06-16 19:36:26,COPY,Copy action
2025-06-16 19:36:26,COPY,Copy action
2025-06-16 19:36:26,COPY,Copy action
2025-06-16 19:36:27,COPY,Copy action
2025-06-16 19:36:27,COPY,Copy action
2025-06-16 19:36:27,COPY,Copy action
2025-06-16 19:36:27,COPY,Copy action
2025-06-16 19:36:27,COPY,Copy action
2025-06-16 19:36:27,COPY,Copy action
2025-06-16 19:36:27,COPY,Copy action
2025-06-16 19:36:28,COPY,Copy action
2025-06-16 19:36:28,COPY,Copy action
2025-06-16 19:36:28,COPY,Copy action
2025-06-16 19:36:28,COPY,Copy action
2025-06-16 19:36:28,COPY,Copy action
2025-06-16 19:36:28,COPY,Copy action
2025-06-16 19:36:28,COPY,Copy action
2025-06-16 19:36:29,COPY,Copy action
2025-06-16 19:36:29,COPY,Copy action
2025-06-16 19:36:30,COPY,Copy action
2025-06-16 19:36:30,COPY,Copy action
2025-06-16 19:36:30,COPY,Copy action
2025-06-16 19:36:30,COPY,Copy action
2025-06-16 19:36:30,COPY,Copy action
2025-06-16 19:36:30,COPY,Copy action
2025-06-16 19:36:30,COPY,Copy action
2025-06-16 19:36:31,COPY,Copy action
2025-06-16 19:36:31,COPY,Copy action
2025-06-16 19:36:31,COPY,Copy action
2025-06-16 19:36:31,COPY,Copy action
2025-06-16 19:36:31,COPY,Copy action
2025-06-16 19:36:31,COPY,Copy action
2025-06-16 19:36:31,COPY,Copy action
2025-06-16 19:36:32,COPY,Copy action
2025-06-16 19:36:32,COPY,Copy action
2025-06-16 19:36:32,COPY,Copy action
2025-06-16 19:36:32,COPY,Copy action
2025-06-16 19:36:34,SCREENSHOT,Screenshot saved as screenshot_20250616_193634.png
2025-06-16 19:36:37,BRIGHTNESS,Brightness: 68%
2025-06-16 19:36:37,COPY,Copy action
2025-06-16 19:36:37,BRIGHTNESS,Brightness: 78%
2025-06-16 19:36:38,PASTE,Paste action
2025-06-16 19:36:38,PASTE,Paste action
2025-06-16 19:36:38,PASTE,Paste action
2025-06-16 19:36:38,PASTE,Paste action
2025-06-16 19:36:38,PASTE,Paste action
2025-06-16 19:36:38,PASTE,Paste action
2025-06-16 19:36:38,PASTE,Paste action
2025-06-16 19:36:39,PASTE,Paste action
2025-06-16 19:36:39,PASTE,Paste action
2025-06-16 19:36:39,PASTE,Paste action
2025-06-16 19:36:39,PASTE,Paste action
2025-06-16 19:36:39,PASTE,Paste action
2025-06-16 19:36:39,PASTE,Paste action
2025-06-16 19:36:39,PASTE,Paste action
2025-06-16 19:36:40,PASTE,Paste action
2025-06-16 19:36:40,PASTE,Paste action
2025-06-16 19:36:40,PASTE,Paste action
2025-06-16 19:36:42,PASTE,Paste action
2025-06-16 19:36:42,PASTE,Paste action
2025-06-16 19:36:42,PASTE,Paste action
2025-06-16 19:36:42,PASTE,Paste action
2025-06-16 19:36:42,PASTE,Paste action
2025-06-16 19:36:42,PASTE,Paste action
2025-06-16 19:36:42,PASTE,Paste action
2025-06-16 19:36:43,PASTE,Paste action
2025-06-16 19:36:43,PASTE,Paste action
2025-06-16 19:36:43,PASTE,Paste action
2025-06-16 19:36:43,PASTE,Paste action
2025-06-16 19:36:43,PASTE,Paste action
2025-06-16 19:36:43,PASTE,Paste action
2025-06-16 19:36:43,PASTE,Paste action
2025-06-16 19:36:44,PASTE,Paste action
2025-06-16 19:36:44,PASTE,Paste action
2025-06-16 19:36:44,PASTE,Paste action
2025-06-16 19:36:44,PASTE,Paste action
2025-06-16 19:36:45,PASTE,Paste action
2025-06-16 19:36:45,PASTE,Paste action
2025-06-16 19:36:46,PASTE,Paste action
2025-06-16 19:36:46,PASTE,Paste action
2025-06-16 19:36:46,PASTE,Paste action
2025-06-16 19:36:46,PASTE,Paste action
2025-06-16 19:36:46,PASTE,Paste action
2025-06-16 19:36:46,PASTE,Paste action
2025-06-16 19:36:46,PASTE,Paste action
2025-06-16 19:36:50,VOLUME,Volume adjusted
2025-06-16 19:36:53,VOLUME,Volume adjusted
2025-06-16 19:36:54,VOLUME,Volume adjusted
2025-06-16 19:36:56,VOLUME,Volume adjusted
2025-06-16 19:36:56,VOLUME,Volume adjusted
2025-06-16 19:36:57,VOLUME,Volume adjusted
2025-06-16 19:37:02,VOLUME,Volume adjusted
2025-06-16 19:37:05,VOLUME,Volume adjusted
2025-06-16 19:37:06,VOLUME,Volume adjusted
2025-06-16 19:37:07,VOLUME,Volume adjusted
2025-06-16 19:37:09,PASTE,Paste action
2025-06-16 19:37:09,PASTE,Paste action
2025-06-16 19:37:09,VOLUME,Volume adjusted
2025-06-16 19:37:10,PASTE,Paste action
2025-06-16 19:37:10,VOLUME,Volume adjusted
2025-06-16 19:37:12,VOLUME,Volume adjusted
2025-06-16 19:37:23,VOLUME,Volume adjusted
2025-06-16 19:37:24,PASTE,Paste action
2025-06-16 19:37:24,PASTE,Paste action
2025-06-16 19:37:28,SCREENSHOT,Screenshot saved as screenshot_20250616_193728.png
2025-06-16 19:37:30,COPY,Copy action
2025-06-16 19:37:31,COPY,Copy action
2025-06-16 19:37:31,BRIGHTNESS,Brightness: 78%
2025-06-16 19:37:31,BRIGHTNESS,Brightness: 78%
2025-06-16 19:37:31,BRIGHTNESS,Brightness: 78%
2025-06-16 19:37:31,BRIGHTNESS,Brightness: 78%
2025-06-16 19:37:31,BRIGHTNESS,Brightness: 79%
2025-06-16 19:37:31,BRIGHTNESS,Brightness: 78%
2025-06-16 19:37:31,BRIGHTNESS,Brightness: 79%
2025-06-16 19:37:31,BRIGHTNESS,Brightness: 79%
2025-06-16 19:37:31,BRIGHTNESS,Brightness: 79%
2025-06-16 19:37:31,BRIGHTNESS,Brightness: 79%
2025-06-16 19:37:32,BRIGHTNESS,Brightness: 79%
2025-06-16 19:37:32,BRIGHTNESS,Brightness: 79%
2025-06-16 19:37:32,BRIGHTNESS,Brightness: 79%
2025-06-16 19:37:32,BRIGHTNESS,Brightness: 79%
2025-06-16 19:37:32,BRIGHTNESS,Brightness: 79%
2025-06-16 19:37:32,BRIGHTNESS,Brightness: 79%
2025-06-16 19:37:32,BRIGHTNESS,Brightness: 79%
2025-06-16 19:37:38,SCREENSHOT,Screenshot saved as screenshot_20250616_193738.png
2025-06-16 19:37:40,PASTE,Paste action
2025-06-16 19:37:41,PASTE,Paste action
2025-06-16 19:37:42,PASTE,Paste action
2025-06-16 19:37:43,VOLUME,Volume adjusted
2025-06-16 19:37:43,BRIGHTNESS,Brightness: 36%
2025-06-16 19:37:45,BRIGHTNESS,Brightness: 36%
2025-06-16 19:37:46,BRIGHTNESS,Brightness: 29%
2025-06-16 19:37:46,BRIGHTNESS,Brightness: 65%
2025-06-16 19:37:46,BRIGHTNESS,Brightness: 66%
2025-06-16 19:37:46,BRIGHTNESS,Brightness: 68%
2025-06-16 19:37:46,BRIGHTNESS,Brightness: 71%
2025-06-16 19:37:46,BRIGHTNESS,Brightness: 70%
2025-06-16 19:37:46,BRIGHTNESS,Brightness: 70%
2025-06-16 19:37:47,BRIGHTNESS,Brightness: 73%
2025-06-16 19:37:47,BRIGHTNESS,Brightness: 73%
2025-06-16 19:37:47,BRIGHTNESS,Brightness: 73%
2025-06-16 19:37:47,BRIGHTNESS,Brightness: 73%
2025-06-16 19:37:47,BRIGHTNESS,Brightness: 72%
2025-06-16 19:37:47,BRIGHTNESS,Brightness: 73%
2025-06-16 19:37:47,BRIGHTNESS,Brightness: 73%
2025-06-16 19:37:47,BRIGHTNESS,Brightness: 73%
2025-06-16 19:37:47,BRIGHTNESS,Brightness: 72%
2025-06-16 19:37:47,BRIGHTNESS,Brightness: 72%
2025-06-16 19:37:47,BRIGHTNESS,Brightness: 72%
2025-06-16 19:37:47,BRIGHTNESS,Brightness: 72%
2025-06-16 19:37:48,BRIGHTNESS,Brightness: 71%
2025-06-16 19:37:48,BRIGHTNESS,Brightness: 71%
2025-06-16 19:37:48,BRIGHTNESS,Brightness: 72%
2025-06-16 19:37:48,BRIGHTNESS,Brightness: 71%
2025-06-16 19:37:48,BRIGHTNESS,Brightness: 72%
2025-06-16 19:37:48,BRIGHTNESS,Brightness: 72%
2025-06-16 19:37:48,BRIGHTNESS,Brightness: 72%
2025-06-16 19:37:48,BRIGHTNESS,Brightness: 72%
2025-06-16 19:37:48,BRIGHTNESS,Brightness: 71%
2025-06-16 19:37:48,BRIGHTNESS,Brightness: 72%
2025-06-16 19:37:49,BRIGHTNESS,Brightness: 72%
2025-06-16 19:37:49,BRIGHTNESS,Brightness: 72%
2025-06-16 19:37:49,BRIGHTNESS,Brightness: 41%
2025-06-16 19:37:49,BRIGHTNESS,Brightness: 32%
2025-06-16 19:37:50,BRIGHTNESS,Brightness: 44%
2025-06-16 19:37:51,BRIGHTNESS,Brightness: 44%
2025-06-16 19:37:51,BRIGHTNESS,Brightness: 60%
2025-06-16 19:37:51,BRIGHTNESS,Brightness: 69%
2025-06-16 19:37:51,BRIGHTNESS,Brightness: 78%
2025-06-16 19:37:51,BRIGHTNESS,Brightness: 84%
2025-06-16 19:37:51,BRIGHTNESS,Brightness: 87%
2025-06-16 19:37:51,BRIGHTNESS,Brightness: 90%
2025-06-16 19:37:51,BRIGHTNESS,Brightness: 92%
2025-06-16 19:37:51,BRIGHTNESS,Brightness: 93%
2025-06-16 19:37:51,BRIGHTNESS,Brightness: 97%
2025-06-16 19:37:52,BRIGHTNESS,Brightness: 97%
2025-06-16 19:37:52,BRIGHTNESS,Brightness: 98%
2025-06-16 19:37:52,BRIGHTNESS,Brightness: 99%
2025-06-16 19:37:52,BRIGHTNESS,Brightness: 99%
2025-06-16 19:37:52,BRIGHTNESS,Brightness: 100%
2025-06-16 19:37:52,BRIGHTNESS,Brightness: 98%
2025-06-16 19:37:52,BRIGHTNESS,Brightness: 100%
2025-06-16 19:37:52,BRIGHTNESS,Brightness: 99%
2025-06-16 19:37:52,BRIGHTNESS,Brightness: 99%
2025-06-16 19:37:52,BRIGHTNESS,Brightness: 99%
2025-06-16 19:37:52,BRIGHTNESS,Brightness: 96%
2025-06-16 19:37:53,BRIGHTNESS,Brightness: 98%
2025-06-16 19:37:53,BRIGHTNESS,Brightness: 96%
2025-06-16 19:37:53,BRIGHTNESS,Brightness: 94%
2025-06-16 19:37:53,BRIGHTNESS,Brightness: 97%
2025-06-16 19:37:53,BRIGHTNESS,Brightness: 98%
2025-06-16 19:37:53,BRIGHTNESS,Brightness: 97%
2025-06-16 19:37:53,BRIGHTNESS,Brightness: 93%
2025-06-16 19:37:53,BRIGHTNESS,Brightness: 94%
2025-06-16 19:37:53,BRIGHTNESS,Brightness: 92%
2025-06-16 19:37:53,BRIGHTNESS,Brightness: 68%
2025-06-16 19:37:54,BRIGHTNESS,Brightness: 66%
2025-06-16 19:37:54,BRIGHTNESS,Brightness: 66%
2025-06-16 19:37:54,BRIGHTNESS,Brightness: 67%
2025-06-16 19:37:54,BRIGHTNESS,Brightness: 66%
2025-06-16 19:37:54,BRIGHTNESS,Brightness: 73%
2025-06-16 19:37:54,BRIGHTNESS,Brightness: 88%
2025-06-16 19:39:17,COPY,Copy action
2025-06-16 19:39:17,COPY,Copy action
2025-06-16 19:39:18,BRIGHTNESS,Brightness: 88%
2025-06-16 19:39:18,BRIGHTNESS,Brightness: 87%
2025-06-16 19:39:18,BRIGHTNESS,Brightness: 94%
2025-06-16 19:39:18,BRIGHTNESS,Brightness: 94%
2025-06-16 19:39:18,BRIGHTNESS,Brightness: 100%
2025-06-16 19:39:18,BRIGHTNESS,Brightness: 100%
2025-06-16 19:39:18,BRIGHTNESS,Brightness: 100%
2025-06-16 19:39:18,BRIGHTNESS,Brightness: 100%
2025-06-16 19:39:18,BRIGHTNESS,Brightness: 100%
2025-06-16 19:39:19,BRIGHTNESS,Brightness: 100%
2025-06-16 19:39:19,BRIGHTNESS,Brightness: 100%
2025-06-16 19:39:19,BRIGHTNESS,Brightness: 100%
2025-06-16 19:39:19,BRIGHTNESS,Brightness: 100%
2025-06-16 19:39:22,VOLUME,Volume adjusted
2025-06-16 19:39:25,PASTE,Paste action
2025-06-16 19:39:27,VOLUME,Volume adjusted
2025-06-16 19:39:28,VOLUME,Volume adjusted
2025-06-16 19:39:30,VOLUME,Volume adjusted
2025-06-16 19:39:31,VOLUME,Volume adjusted
2025-06-16 19:39:32,BRIGHTNESS,Brightness: 100%
2025-06-16 19:39:32,BRIGHTNESS,Brightness: 100%
2025-06-16 19:39:32,BRIGHTNESS,Brightness: 100%
2025-06-16 19:39:32,BRIGHTNESS,Brightness: 100%
2025-06-16 19:39:32,BRIGHTNESS,Brightness: 100%
2025-06-16 19:39:32,BRIGHTNESS,Brightness: 100%
2025-06-16 19:39:32,BRIGHTNESS,Brightness: 100%
2025-06-16 19:39:32,BRIGHTNESS,Brightness: 100%
2025-06-16 19:39:33,BRIGHTNESS,Brightness: 100%
2025-06-16 19:39:33,BRIGHTNESS,Brightness: 100%
2025-06-16 19:39:33,BRIGHTNESS,Brightness: 100%
2025-06-16 19:39:33,BRIGHTNESS,Brightness: 100%
2025-06-16 19:39:33,BRIGHTNESS,Brightness: 100%
2025-06-16 19:39:33,BRIGHTNESS,Brightness: 100%
2025-06-16 19:39:33,BRIGHTNESS,Brightness: 100%
2025-06-16 19:39:33,BRIGHTNESS,Brightness: 100%
2025-06-16 19:39:33,BRIGHTNESS,Brightness: 100%
2025-06-16 19:39:33,BRIGHTNESS,Brightness: 100%
2025-06-16 19:39:33,BRIGHTNESS,Brightness: 99%
2025-06-16 19:39:33,BRIGHTNESS,Brightness: 98%
2025-06-16 19:39:34,BRIGHTNESS,Brightness: 98%
2025-06-16 19:39:34,BRIGHTNESS,Brightness: 98%
2025-06-16 19:39:34,BRIGHTNESS,Brightness: 98%
2025-06-16 19:39:34,BRIGHTNESS,Brightness: 96%
2025-06-16 19:39:34,BRIGHTNESS,Brightness: 95%
2025-06-16 19:39:34,BRIGHTNESS,Brightness: 95%
2025-06-16 19:39:34,BRIGHTNESS,Brightness: 95%
2025-06-16 19:39:34,BRIGHTNESS,Brightness: 95%
2025-06-16 19:39:34,BRIGHTNESS,Brightness: 92%
2025-06-16 19:39:34,BRIGHTNESS,Brightness: 89%
2025-06-16 19:39:34,BRIGHTNESS,Brightness: 88%
2025-06-16 19:39:35,BRIGHTNESS,Brightness: 88%
2025-06-16 19:39:35,BRIGHTNESS,Brightness: 86%
2025-06-16 19:39:35,BRIGHTNESS,Brightness: 82%
2025-06-16 19:39:35,BRIGHTNESS,Brightness: 100%
2025-06-16 19:39:35,BRIGHTNESS,Brightness: 100%
2025-06-16 19:39:35,BRIGHTNESS,Brightness: 100%
2025-06-16 19:39:35,BRIGHTNESS,Brightness: 100%
2025-06-16 19:39:35,BRIGHTNESS,Brightness: 100%
2025-06-16 19:39:35,BRIGHTNESS,Brightness: 100%
2025-06-16 19:39:35,BRIGHTNESS,Brightness: 100%
2025-06-16 19:39:36,BRIGHTNESS,Brightness: 100%
2025-06-16 19:39:36,BRIGHTNESS,Brightness: 100%
2025-06-16 19:39:36,BRIGHTNESS,Brightness: 100%
2025-06-16 19:39:36,BRIGHTNESS,Brightness: 100%
2025-06-16 19:39:36,BRIGHTNESS,Brightness: 100%
2025-06-16 19:39:36,BRIGHTNESS,Brightness: 100%
2025-06-16 19:39:36,BRIGHTNESS,Brightness: 100%
2025-06-16 19:39:36,BRIGHTNESS,Brightness: 100%
2025-06-16 19:39:36,BRIGHTNESS,Brightness: 100%
2025-06-16 19:39:36,BRIGHTNESS,Brightness: 96%
2025-06-16 19:39:37,BRIGHTNESS,Brightness: 94%
2025-06-16 19:39:37,BRIGHTNESS,Brightness: 93%
2025-06-16 19:39:37,BRIGHTNESS,Brightness: 94%
2025-06-16 19:39:37,BRIGHTNESS,Brightness: 100%
2025-06-16 19:39:37,BRIGHTNESS,Brightness: 96%
2025-06-16 19:39:37,BRIGHTNESS,Brightness: 96%
2025-06-16 19:39:40,BRIGHTNESS,Brightness: 96%
2025-06-16 19:39:40,BRIGHTNESS,Brightness: 100%
2025-06-16 19:39:40,BRIGHTNESS,Brightness: 100%
2025-06-16 19:39:40,BRIGHTNESS,Brightness: 100%
2025-06-16 19:39:40,BRIGHTNESS,Brightness: 100%
2025-06-16 19:39:40,BRIGHTNESS,Brightness: 100%
2025-06-16 19:39:40,BRIGHTNESS,Brightness: 100%
2025-06-16 19:39:40,BRIGHTNESS,Brightness: 100%
2025-06-16 19:39:40,BRIGHTNESS,Brightness: 100%
2025-06-16 19:39:40,BRIGHTNESS,Brightness: 100%
2025-06-16 19:39:40,BRIGHTNESS,Brightness: 96%
2025-06-16 19:39:41,BRIGHTNESS,Brightness: 88%
2025-06-16 19:39:41,BRIGHTNESS,Brightness: 84%
2025-06-16 19:39:43,BRIGHTNESS,Brightness: 84%
2025-06-16 19:39:44,BRIGHTNESS,Brightness: 84%
2025-06-16 19:39:46,BRIGHTNESS,Brightness: 70%
2025-06-16 19:39:46,BRIGHTNESS,Brightness: 96%
2025-06-16 19:39:46,BRIGHTNESS,Brightness: 100%
2025-06-16 19:39:46,BRIGHTNESS,Brightness: 100%
2025-06-16 19:39:46,BRIGHTNESS,Brightness: 69%
2025-06-16 19:39:46,BRIGHTNESS,Brightness: 59%
2025-06-16 19:39:46,BRIGHTNESS,Brightness: 65%
2025-06-16 19:39:47,BRIGHTNESS,Brightness: 68%
2025-06-16 19:39:47,BRIGHTNESS,Brightness: 68%
2025-06-16 19:39:47,BRIGHTNESS,Brightness: 68%
2025-06-16 19:39:47,BRIGHTNESS,Brightness: 68%
2025-06-16 19:39:47,BRIGHTNESS,Brightness: 68%
2025-06-16 19:39:47,BRIGHTNESS,Brightness: 68%
2025-06-16 19:39:47,BRIGHTNESS,Brightness: 69%
2025-06-16 19:39:47,BRIGHTNESS,Brightness: 69%
2025-06-16 19:39:47,BRIGHTNESS,Brightness: 69%
2025-06-16 19:39:47,BRIGHTNESS,Brightness: 69%
2025-06-16 19:39:48,BRIGHTNESS,Brightness: 69%
2025-06-16 19:39:48,BRIGHTNESS,Brightness: 62%
2025-06-16 19:39:48,BRIGHTNESS,Brightness: 62%
2025-06-16 19:39:48,BRIGHTNESS,Brightness: 53%
2025-06-16 19:39:48,BRIGHTNESS,Brightness: 52%
2025-06-16 19:39:48,BRIGHTNESS,Brightness: 48%
2025-06-16 19:39:48,BRIGHTNESS,Brightness: 42%
2025-06-16 19:39:48,BRIGHTNESS,Brightness: 42%
2025-06-16 19:39:48,BRIGHTNESS,Brightness: 35%
2025-06-16 19:39:50,BRIGHTNESS,Brightness: 42%
2025-06-16 19:39:50,BRIGHTNESS,Brightness: 45%
2025-06-16 19:39:50,BRIGHTNESS,Brightness: 49%
2025-06-16 19:39:50,BRIGHTNESS,Brightness: 51%
2025-06-16 19:39:50,BRIGHTNESS,Brightness: 51%
2025-06-16 19:39:50,BRIGHTNESS,Brightness: 57%
2025-06-16 19:39:50,BRIGHTNESS,Brightness: 60%
2025-06-16 19:39:50,BRIGHTNESS,Brightness: 60%
2025-06-16 19:39:50,BRIGHTNESS,Brightness: 60%
2025-06-16 19:39:50,BRIGHTNESS,Brightness: 62%
2025-06-16 19:39:50,BRIGHTNESS,Brightness: 64%
2025-06-16 19:39:50,BRIGHTNESS,Brightness: 65%
2025-06-16 19:39:51,BRIGHTNESS,Brightness: 64%
2025-06-16 19:39:51,BRIGHTNESS,Brightness: 65%
2025-06-16 19:39:51,BRIGHTNESS,Brightness: 65%
2025-06-16 19:39:51,BRIGHTNESS,Brightness: 65%
2025-06-16 19:39:51,BRIGHTNESS,Brightness: 65%
2025-06-16 19:39:51,BRIGHTNESS,Brightness: 65%
2025-06-16 19:39:51,BRIGHTNESS,Brightness: 65%
2025-06-16 19:39:51,BRIGHTNESS,Brightness: 65%
2025-06-16 19:49:06,BRIGHTNESS,Brightness: 63%
2025-06-16 19:49:07,COPY,Copied selection
2025-06-16 19:49:07,COPY,Copied selection
2025-06-16 19:49:07,COPY,Copied selection
2025-06-16 19:49:07,COPY,Copied selection
2025-06-16 19:49:07,COPY,Copied selection
2025-06-16 19:49:07,COPY,Copied selection
2025-06-16 19:49:08,COPY,Copied selection
2025-06-16 19:49:08,COPY,Copied selection
2025-06-16 19:49:08,COPY,Copied selection
2025-06-16 19:49:08,COPY,Copied selection
2025-06-16 19:49:08,COPY,Copied selection
2025-06-16 19:49:08,COPY,Copied selection
2025-06-16 19:49:08,COPY,Copied selection
2025-06-16 19:49:09,COPY,Copied selection
2025-06-16 19:49:09,COPY,Copied selection
2025-06-16 19:49:09,COPY,Copied selection
2025-06-16 19:49:09,BRIGHTNESS,Brightness: 46%
2025-06-16 19:49:09,BRIGHTNESS,Brightness: 48%
2025-06-16 19:49:09,BRIGHTNESS,Brightness: 49%
2025-06-16 19:49:09,BRIGHTNESS,Brightness: 49%
2025-06-16 19:49:09,BRIGHTNESS,Brightness: 49%
2025-06-16 19:49:10,BRIGHTNESS,Brightness: 50%
2025-06-16 19:49:10,BRIGHTNESS,Brightness: 50%
2025-06-16 19:49:10,BRIGHTNESS,Brightness: 49%
2025-06-16 19:49:10,BRIGHTNESS,Brightness: 48%
2025-06-16 19:49:10,BRIGHTNESS,Brightness: 48%
2025-06-16 19:49:10,BRIGHTNESS,Brightness: 46%
2025-06-16 19:49:10,BRIGHTNESS,Brightness: 46%
2025-06-16 19:49:10,BRIGHTNESS,Brightness: 44%
2025-06-16 19:49:10,BRIGHTNESS,Brightness: 45%
2025-06-16 19:49:10,BRIGHTNESS,Brightness: 45%
2025-06-16 19:49:11,BRIGHTNESS,Brightness: 45%
2025-06-16 19:49:11,BRIGHTNESS,Brightness: 45%
2025-06-16 19:49:11,BRIGHTNESS,Brightness: 43%
2025-06-16 19:49:11,BRIGHTNESS,Brightness: 40%
2025-06-16 19:49:11,BRIGHTNESS,Brightness: 46%
2025-06-16 19:49:11,BRIGHTNESS,Brightness: 46%
2025-06-16 19:49:12,BRIGHTNESS,Brightness: 47%
2025-06-16 19:49:12,BRIGHTNESS,Brightness: 48%
2025-06-16 19:49:12,BRIGHTNESS,Brightness: 48%
2025-06-16 19:49:12,BRIGHTNESS,Brightness: 48%
2025-06-16 19:49:12,BRIGHTNESS,Brightness: 46%
2025-06-16 19:49:12,BRIGHTNESS,Brightness: 40%
2025-06-16 19:49:22,COPY,Copied selection
2025-06-16 19:49:22,COPY,Copied selection
2025-06-16 19:49:22,COPY,Copied selection
2025-06-16 19:49:22,COPY,Copied selection
2025-06-16 19:49:23,COPY,Copied selection
2025-06-16 19:49:23,COPY,Copied selection
2025-06-16 19:49:23,COPY,Copied selection
2025-06-16 19:49:23,COPY,Copied selection
2025-06-16 19:49:23,COPY,Copied selection
2025-06-16 19:49:23,COPY,Copied selection
2025-06-16 19:49:24,BRIGHTNESS,Brightness: 40%
2025-06-16 19:49:24,BRIGHTNESS,Brightness: 44%
2025-06-16 19:49:24,BRIGHTNESS,Brightness: 44%
2025-06-16 19:49:24,BRIGHTNESS,Brightness: 43%
2025-06-16 19:49:24,BRIGHTNESS,Brightness: 43%
2025-06-16 19:49:24,BRIGHTNESS,Brightness: 41%
2025-06-16 19:49:24,BRIGHTNESS,Brightness: 43%
2025-06-16 19:49:24,BRIGHTNESS,Brightness: 43%
2025-06-16 19:49:25,BRIGHTNESS,Brightness: 43%
2025-06-16 19:49:28,COPY,Copied selection
2025-06-16 19:49:31,COPY,Copied selection
2025-06-16 19:49:31,BRIGHTNESS,Brightness: 38%
2025-06-16 19:49:31,BRIGHTNESS,Brightness: 68%
2025-06-16 19:49:32,PASTE,Pasted clipboard
2025-06-16 19:50:13,SCREENSHOT,Screenshot saved as screenshot_20250616_195013.png
2025-06-16 19:50:15,SCREENSHOT,Screenshot saved as screenshot_20250616_195015.png
2025-06-16 19:50:17,SCREENSHOT,Screenshot saved as screenshot_20250616_195017.png
2025-06-16 19:50:19,SCREENSHOT,Screenshot saved as screenshot_20250616_195019.png
2025-06-16 19:50:22,SCREENSHOT,Screenshot saved as screenshot_20250616_195022.png
2025-06-16 19:50:37,COPY,Copied selection
2025-06-16 19:50:37,BRIGHTNESS,Brightness: 68%
2025-06-16 19:50:37,COPY,Copied selection
2025-06-16 19:50:37,COPY,Copied selection
2025-06-16 19:50:37,COPY,Copied selection
2025-06-16 19:50:37,COPY,Copied selection
2025-06-16 19:50:38,COPY,Copied selection
2025-06-16 19:50:38,COPY,Copied selection
2025-06-16 19:50:38,COPY,Copied selection
2025-06-16 19:50:38,COPY,Copied selection
2025-06-16 19:50:38,COPY,Copied selection
2025-06-16 19:50:38,COPY,Copied selection
2025-06-16 19:50:39,COPY,Copied selection
2025-06-16 19:50:39,COPY,Copied selection
2025-06-16 19:50:39,COPY,Copied selection
2025-06-16 19:50:39,COPY,Copied selection
2025-06-16 19:50:39,COPY,Copied selection
2025-06-16 19:50:39,COPY,Copied selection
2025-06-16 19:50:39,COPY,Copied selection
2025-06-16 19:50:40,COPY,Copied selection
2025-06-16 19:50:40,COPY,Copied selection
2025-06-16 19:50:40,COPY,Copied selection
2025-06-16 19:50:40,COPY,Copied selection
2025-06-16 19:50:40,COPY,Copied selection
2025-06-16 19:50:40,COPY,Copied selection
2025-06-16 19:50:41,COPY,Copied selection
2025-06-16 19:50:41,COPY,Copied selection
2025-06-16 19:50:41,COPY,Copied selection
2025-06-16 19:50:41,COPY,Copied selection
2025-06-16 19:50:41,COPY,Copied selection
2025-06-16 19:50:41,COPY,Copied selection
2025-06-16 19:50:41,COPY,Copied selection
2025-06-16 19:50:42,COPY,Copied selection
2025-06-16 19:50:42,COPY,Copied selection
2025-06-16 19:50:42,COPY,Copied selection
2025-06-16 19:50:42,COPY,Copied selection
2025-06-16 19:50:42,COPY,Copied selection
2025-06-16 19:50:42,COPY,Copied selection
2025-06-16 19:50:43,COPY,Copied selection
2025-06-16 19:50:43,COPY,Copied selection
2025-06-16 19:50:43,COPY,Copied selection
2025-06-16 19:50:43,COPY,Copied selection
2025-06-16 19:50:43,COPY,Copied selection
2025-06-16 19:50:43,COPY,Copied selection
2025-06-16 19:50:43,COPY,Copied selection
2025-06-16 19:50:44,COPY,Copied selection
2025-06-16 19:50:44,COPY,Copied selection
2025-06-16 19:50:46,SCREENSHOT,Screenshot saved as screenshot_20250616_195046.png
2025-06-16 19:50:48,BRIGHTNESS,Brightness: 68%
2025-06-16 19:50:48,BRIGHTNESS,Brightness: 64%
2025-06-16 19:50:48,BRIGHTNESS,Brightness: 65%
2025-06-16 19:50:48,BRIGHTNESS,Brightness: 64%
2025-06-16 19:50:48,BRIGHTNESS,Brightness: 65%
2025-06-16 19:50:48,BRIGHTNESS,Brightness: 63%
2025-06-16 19:50:48,BRIGHTNESS,Brightness: 66%
2025-06-16 19:50:48,BRIGHTNESS,Brightness: 67%
2025-06-16 19:50:48,BRIGHTNESS,Brightness: 68%
2025-06-16 19:50:48,BRIGHTNESS,Brightness: 63%
2025-06-16 19:50:49,BRIGHTNESS,Brightness: 66%
2025-06-16 19:50:49,BRIGHTNESS,Brightness: 77%
2025-06-16 19:50:49,BRIGHTNESS,Brightness: 77%
2025-06-16 19:50:49,BRIGHTNESS,Brightness: 77%
2025-06-16 19:50:49,BRIGHTNESS,Brightness: 78%
2025-06-16 19:50:49,BRIGHTNESS,Brightness: 75%
2025-06-16 19:50:50,BRIGHTNESS,Brightness: 78%
2025-06-16 19:50:58,VOLUME,Volume adjusted
2025-06-16 19:51:03,PASTE,Pasted clipboard
2025-06-16 19:51:07,PASTE,Pasted clipboard
2025-06-16 19:51:11,SCREENSHOT,Screenshot saved as screenshot_20250616_195111.png
2025-06-16 19:51:11,PASTE,Pasted clipboard
2025-06-16 20:02:57,SCREENSHOT,Screenshot saved as screenshot_20250616_200257.png
2025-06-16 20:03:00,PASTE,Pasted clipboard
2025-06-16 20:03:00,PASTE,Pasted clipboard
2025-06-16 20:03:00,SCREENSHOT,Screenshot saved as screenshot_20250616_200300.png
2025-06-16 20:03:02,SCREENSHOT,Screenshot saved as screenshot_20250616_200302.png
2025-06-16 20:03:03,PASTE,Pasted clipboard
2025-06-16 20:03:29,SCREENSHOT,Screenshot saved as screenshot_20250616_200328.png
2025-06-16 20:03:31,SCREENSHOT,Screenshot saved as screenshot_20250616_200331.png
2025-06-16 20:03:33,SCREENSHOT,Screenshot saved as screenshot_20250616_200333.png
2025-06-16 20:03:35,SCREENSHOT,Screenshot saved as screenshot_20250616_200335.png
2025-06-16 20:03:52,SCREENSHOT,Screenshot saved as screenshot_20250616_200351.png
2025-06-16 20:03:54,SCREENSHOT,Screenshot saved as screenshot_20250616_200354.png
2025-06-16 20:04:11,SCREENSHOT,Screenshot saved as screenshot_20250616_200411.png
2025-06-16 20:04:13,SCREENSHOT,Screenshot saved as screenshot_20250616_200413.png
2025-06-16 20:04:26,SCREENSHOT,Screenshot saved as screenshot_20250616_200425.png
2025-06-16 20:10:21,VOLUME,Volume adjusted
2025-06-16 20:10:24,BRIGHTNESS,Brightness: 78%
2025-06-16 20:10:24,BRIGHTNESS,Brightness: 77%
2025-06-16 20:10:24,BRIGHTNESS,Brightness: 77%
2025-06-16 20:10:24,BRIGHTNESS,Brightness: 77%
2025-06-16 20:10:24,BRIGHTNESS,Brightness: 76%
2025-06-16 20:10:24,BRIGHTNESS,Brightness: 76%
2025-06-16 20:10:24,BRIGHTNESS,Brightness: 76%
2025-06-16 20:10:24,BRIGHTNESS,Brightness: 77%
2025-06-16 20:10:24,BRIGHTNESS,Brightness: 77%
2025-06-16 20:10:24,BRIGHTNESS,Brightness: 77%
2025-06-16 20:10:25,BRIGHTNESS,Brightness: 76%
2025-06-16 20:10:25,BRIGHTNESS,Brightness: 77%
2025-06-16 20:10:25,BRIGHTNESS,Brightness: 77%
2025-06-16 20:10:25,BRIGHTNESS,Brightness: 77%
2025-06-16 20:10:25,BRIGHTNESS,Brightness: 77%
2025-06-16 20:10:25,BRIGHTNESS,Brightness: 77%
2025-06-16 20:10:25,BRIGHTNESS,Brightness: 77%
2025-06-16 20:10:25,BRIGHTNESS,Brightness: 77%
2025-06-16 20:10:25,BRIGHTNESS,Brightness: 76%
2025-06-16 20:10:25,BRIGHTNESS,Brightness: 77%
2025-06-16 20:10:25,BRIGHTNESS,Brightness: 77%
2025-06-16 20:10:25,BRIGHTNESS,Brightness: 77%
2025-06-16 20:10:26,BRIGHTNESS,Brightness: 77%
2025-06-16 20:10:26,BRIGHTNESS,Brightness: 77%
2025-06-16 20:10:26,BRIGHTNESS,Brightness: 76%
2025-06-16 20:10:26,BRIGHTNESS,Brightness: 77%
2025-06-16 20:10:26,BRIGHTNESS,Brightness: 76%
2025-06-16 20:10:26,BRIGHTNESS,Brightness: 76%
2025-06-16 20:10:26,BRIGHTNESS,Brightness: 76%
2025-06-16 20:10:26,BRIGHTNESS,Brightness: 73%
2025-06-16 20:10:26,BRIGHTNESS,Brightness: 74%
2025-06-16 20:10:26,BRIGHTNESS,Brightness: 78%
2025-06-16 20:10:26,BRIGHTNESS,Brightness: 92%
2025-06-16 20:10:26,BRIGHTNESS,Brightness: 99%
2025-06-16 20:10:27,BRIGHTNESS,Brightness: 100%
2025-06-16 20:10:27,BRIGHTNESS,Brightness: 100%
2025-06-16 20:10:27,BRIGHTNESS,Brightness: 100%
2025-06-16 20:10:27,BRIGHTNESS,Brightness: 100%
2025-06-16 20:10:27,BRIGHTNESS,Brightness: 100%
2025-06-16 20:10:27,BRIGHTNESS,Brightness: 100%
2025-06-16 20:10:27,BRIGHTNESS,Brightness: 100%
2025-06-16 20:10:27,BRIGHTNESS,Brightness: 100%
2025-06-16 20:10:27,BRIGHTNESS,Brightness: 100%
2025-06-16 20:10:27,BRIGHTNESS,Brightness: 100%
2025-06-16 20:10:27,BRIGHTNESS,Brightness: 100%
2025-06-16 20:10:27,BRIGHTNESS,Brightness: 100%
2025-06-16 20:10:28,BRIGHTNESS,Brightness: 100%
2025-06-16 20:10:28,BRIGHTNESS,Brightness: 100%
2025-06-16 20:10:28,BRIGHTNESS,Brightness: 100%
2025-06-16 20:10:28,BRIGHTNESS,Brightness: 100%
2025-06-16 20:10:28,BRIGHTNESS,Brightness: 100%
2025-06-16 20:10:28,BRIGHTNESS,Brightness: 100%
2025-06-16 20:10:28,BRIGHTNESS,Brightness: 100%
2025-06-16 20:10:28,BRIGHTNESS,Brightness: 100%
2025-06-16 20:10:28,BRIGHTNESS,Brightness: 91%
2025-06-16 20:10:29,BRIGHTNESS,Brightness: 73%
2025-06-16 20:10:29,BRIGHTNESS,Brightness: 73%
2025-06-16 20:10:29,BRIGHTNESS,Brightness: 74%
2025-06-16 20:10:29,BRIGHTNESS,Brightness: 74%
2025-06-16 20:10:29,BRIGHTNESS,Brightness: 74%
2025-06-16 20:10:29,BRIGHTNESS,Brightness: 74%
2025-06-16 20:10:29,BRIGHTNESS,Brightness: 74%
2025-06-16 20:10:29,BRIGHTNESS,Brightness: 74%
2025-06-16 20:10:29,BRIGHTNESS,Brightness: 74%
2025-06-16 20:10:30,BRIGHTNESS,Brightness: 74%
2025-06-16 20:10:30,BRIGHTNESS,Brightness: 74%
2025-06-16 20:10:30,BRIGHTNESS,Brightness: 100%
2025-06-16 20:10:30,BRIGHTNESS,Brightness: 100%
2025-06-16 20:10:30,BRIGHTNESS,Brightness: 100%
2025-06-16 20:10:30,BRIGHTNESS,Brightness: 100%
2025-06-16 20:10:30,BRIGHTNESS,Brightness: 100%
2025-06-16 20:10:30,BRIGHTNESS,Brightness: 100%
2025-06-16 20:10:30,BRIGHTNESS,Brightness: 100%
2025-06-16 20:10:30,BRIGHTNESS,Brightness: 100%
2025-06-16 20:10:32,BRIGHTNESS,Brightness: 92%
2025-06-16 20:10:32,BRIGHTNESS,Brightness: 93%
2025-06-16 20:10:32,BRIGHTNESS,Brightness: 90%
2025-06-16 20:10:32,BRIGHTNESS,Brightness: 90%
2025-06-16 20:10:32,BRIGHTNESS,Brightness: 91%
2025-06-16 20:10:32,BRIGHTNESS,Brightness: 91%
2025-06-16 20:10:32,BRIGHTNESS,Brightness: 93%
2025-06-16 20:10:32,BRIGHTNESS,Brightness: 93%
2025-06-16 20:10:32,BRIGHTNESS,Brightness: 93%
2025-06-16 20:10:32,BRIGHTNESS,Brightness: 89%
2025-06-16 20:10:32,BRIGHTNESS,Brightness: 87%
2025-06-16 20:10:33,BRIGHTNESS,Brightness: 85%
2025-06-16 20:10:33,BRIGHTNESS,Brightness: 86%
2025-06-16 20:10:37,BRIGHTNESS,Brightness: 84%
2025-06-16 20:10:37,BRIGHTNESS,Brightness: 87%
2025-06-16 20:10:37,BRIGHTNESS,Brightness: 84%
2025-06-16 20:10:37,BRIGHTNESS,Brightness: 84%
2025-06-16 20:10:37,BRIGHTNESS,Brightness: 80%
2025-06-16 20:10:38,BRIGHTNESS,Brightness: 77%
2025-06-16 20:10:38,BRIGHTNESS,Brightness: 77%
2025-06-16 20:10:38,BRIGHTNESS,Brightness: 77%
2025-06-16 20:10:38,BRIGHTNESS,Brightness: 77%
2025-06-16 20:10:38,BRIGHTNESS,Brightness: 77%
2025-06-16 20:10:38,BRIGHTNESS,Brightness: 77%
2025-06-16 20:10:38,BRIGHTNESS,Brightness: 77%
2025-06-16 20:10:38,BRIGHTNESS,Brightness: 77%
2025-06-16 20:10:38,BRIGHTNESS,Brightness: 76%
2025-06-16 20:10:38,BRIGHTNESS,Brightness: 76%
2025-06-16 20:10:38,BRIGHTNESS,Brightness: 77%
2025-06-16 20:10:39,BRIGHTNESS,Brightness: 77%
2025-06-16 20:10:39,BRIGHTNESS,Brightness: 77%
2025-06-16 20:10:39,BRIGHTNESS,Brightness: 78%
2025-06-16 20:10:39,BRIGHTNESS,Brightness: 82%
2025-06-16 20:10:39,BRIGHTNESS,Brightness: 89%
2025-06-16 20:10:39,BRIGHTNESS,Brightness: 88%
2025-06-16 20:10:39,BRIGHTNESS,Brightness: 99%
2025-06-16 20:10:39,BRIGHTNESS,Brightness: 100%
2025-06-16 20:10:39,BRIGHTNESS,Brightness: 100%
2025-06-16 20:10:39,BRIGHTNESS,Brightness: 100%
2025-06-16 20:10:39,BRIGHTNESS,Brightness: 100%
2025-06-16 20:10:40,BRIGHTNESS,Brightness: 100%
2025-06-16 20:10:40,BRIGHTNESS,Brightness: 100%
2025-06-16 20:10:40,BRIGHTNESS,Brightness: 100%
2025-06-16 20:10:40,BRIGHTNESS,Brightness: 100%
2025-06-16 20:10:40,BRIGHTNESS,Brightness: 100%
2025-06-16 20:10:40,BRIGHTNESS,Brightness: 100%
2025-06-16 20:10:40,BRIGHTNESS,Brightness: 100%
2025-06-16 20:10:40,BRIGHTNESS,Brightness: 100%
2025-06-16 20:10:40,BRIGHTNESS,Brightness: 100%
2025-06-16 20:10:40,BRIGHTNESS,Brightness: 100%
2025-06-16 20:10:40,BRIGHTNESS,Brightness: 100%
2025-06-16 20:10:40,BRIGHTNESS,Brightness: 95%
2025-06-16 20:10:41,BRIGHTNESS,Brightness: 79%
2025-06-16 20:10:41,BRIGHTNESS,Brightness: 79%
2025-06-16 20:10:41,BRIGHTNESS,Brightness: 78%
2025-06-16 20:10:41,BRIGHTNESS,Brightness: 78%
2025-06-16 20:10:41,BRIGHTNESS,Brightness: 78%
2025-06-16 20:10:41,BRIGHTNESS,Brightness: 74%
2025-06-16 20:10:42,BRIGHTNESS,Brightness: 75%
2025-06-16 20:10:42,BRIGHTNESS,Brightness: 77%
2025-06-16 20:10:42,BRIGHTNESS,Brightness: 78%
2025-06-16 20:10:42,BRIGHTNESS,Brightness: 77%
2025-06-16 20:10:42,BRIGHTNESS,Brightness: 77%
2025-06-16 20:10:42,BRIGHTNESS,Brightness: 78%
2025-06-16 20:10:42,BRIGHTNESS,Brightness: 81%
2025-06-16 20:10:42,BRIGHTNESS,Brightness: 81%
2025-06-16 20:10:43,COPY,Copied selection
2025-06-16 20:10:44,BRIGHTNESS,Brightness: 79%
2025-06-16 20:10:44,BRIGHTNESS,Brightness: 79%
2025-06-16 20:10:44,BRIGHTNESS,Brightness: 79%
2025-06-16 20:10:45,BRIGHTNESS,Brightness: 79%
2025-06-16 20:10:45,BRIGHTNESS,Brightness: 78%
2025-06-16 20:10:45,BRIGHTNESS,Brightness: 78%
2025-06-16 20:10:45,BRIGHTNESS,Brightness: 77%
2025-06-16 20:10:45,BRIGHTNESS,Brightness: 78%
2025-06-16 20:10:45,BRIGHTNESS,Brightness: 78%
2025-06-16 20:10:45,BRIGHTNESS,Brightness: 77%
2025-06-16 20:10:45,BRIGHTNESS,Brightness: 77%
2025-06-16 20:10:45,BRIGHTNESS,Brightness: 78%
2025-06-16 20:10:45,BRIGHTNESS,Brightness: 77%
2025-06-16 20:10:45,BRIGHTNESS,Brightness: 78%
2025-06-16 20:10:46,BRIGHTNESS,Brightness: 78%
2025-06-16 20:10:46,BRIGHTNESS,Brightness: 78%
2025-06-16 20:10:46,BRIGHTNESS,Brightness: 78%
2025-06-16 20:10:46,BRIGHTNESS,Brightness: 78%
2025-06-16 20:10:46,BRIGHTNESS,Brightness: 79%
2025-06-16 20:10:46,BRIGHTNESS,Brightness: 78%
2025-06-16 20:10:46,BRIGHTNESS,Brightness: 78%
2025-06-16 20:10:46,BRIGHTNESS,Brightness: 78%
2025-06-16 20:10:46,BRIGHTNESS,Brightness: 78%
2025-06-16 20:10:46,BRIGHTNESS,Brightness: 78%
2025-06-16 20:10:46,BRIGHTNESS,Brightness: 77%
2025-06-16 20:10:46,BRIGHTNESS,Brightness: 76%
2025-06-16 20:10:54,PASTE,Pasted clipboard
2025-06-16 20:10:54,PASTE,Pasted clipboard
2025-06-16 20:10:54,BRIGHTNESS,Brightness: 74%
2025-06-16 20:10:54,BRIGHTNESS,Brightness: 75%
2025-06-16 20:10:55,BRIGHTNESS,Brightness: 75%
2025-06-16 20:10:55,BRIGHTNESS,Brightness: 75%
2025-06-16 20:10:55,BRIGHTNESS,Brightness: 75%
2025-06-16 20:10:55,BRIGHTNESS,Brightness: 75%
2025-06-16 20:10:55,BRIGHTNESS,Brightness: 75%
2025-06-16 20:10:55,BRIGHTNESS,Brightness: 77%
2025-06-16 20:10:55,BRIGHTNESS,Brightness: 81%
2025-06-16 20:10:55,BRIGHTNESS,Brightness: 80%
2025-06-16 20:10:55,BRIGHTNESS,Brightness: 80%
2025-06-16 20:10:55,BRIGHTNESS,Brightness: 79%
2025-06-16 20:10:55,BRIGHTNESS,Brightness: 79%
2025-06-16 20:10:56,BRIGHTNESS,Brightness: 79%
2025-06-16 20:10:56,BRIGHTNESS,Brightness: 81%
2025-06-16 20:10:56,BRIGHTNESS,Brightness: 84%
2025-06-16 20:10:56,BRIGHTNESS,Brightness: 84%
2025-06-16 20:10:56,BRIGHTNESS,Brightness: 84%
2025-06-16 20:10:56,BRIGHTNESS,Brightness: 84%
2025-06-16 20:10:56,BRIGHTNESS,Brightness: 83%
2025-06-16 20:10:56,BRIGHTNESS,Brightness: 83%
2025-06-16 20:10:56,BRIGHTNESS,Brightness: 84%
2025-06-16 20:10:56,BRIGHTNESS,Brightness: 81%
2025-06-16 20:10:56,BRIGHTNESS,Brightness: 76%
2025-06-16 20:10:56,BRIGHTNESS,Brightness: 72%
2025-06-16 20:10:57,BRIGHTNESS,Brightness: 73%
2025-06-16 20:10:57,BRIGHTNESS,Brightness: 72%
2025-06-16 20:10:57,BRIGHTNESS,Brightness: 74%
2025-06-16 20:10:57,BRIGHTNESS,Brightness: 75%
2025-06-16 20:10:57,BRIGHTNESS,Brightness: 75%
2025-06-16 20:10:57,BRIGHTNESS,Brightness: 76%
2025-06-16 20:10:57,BRIGHTNESS,Brightness: 76%
2025-06-16 20:10:57,BRIGHTNESS,Brightness: 76%
2025-06-16 20:10:57,BRIGHTNESS,Brightness: 76%
2025-06-16 20:10:57,BRIGHTNESS,Brightness: 78%
2025-06-16 20:10:58,BRIGHTNESS,Brightness: 80%
2025-06-16 20:11:05,BRIGHTNESS,Brightness: 76%
2025-06-16 20:11:05,BRIGHTNESS,Brightness: 83%
2025-06-16 20:11:05,BRIGHTNESS,Brightness: 81%
2025-06-16 20:11:05,BRIGHTNESS,Brightness: 84%
2025-06-16 20:11:06,BRIGHTNESS,Brightness: 85%
2025-06-16 20:11:06,BRIGHTNESS,Brightness: 85%
2025-06-16 20:11:06,BRIGHTNESS,Brightness: 84%
2025-06-16 20:11:06,BRIGHTNESS,Brightness: 83%
2025-06-16 20:11:06,BRIGHTNESS,Brightness: 82%
2025-06-16 20:11:06,BRIGHTNESS,Brightness: 82%
2025-06-16 20:11:06,BRIGHTNESS,Brightness: 81%
2025-06-16 20:11:06,BRIGHTNESS,Brightness: 80%
2025-06-16 20:11:07,BRIGHTNESS,Brightness: 75%
2025-06-16 20:11:07,BRIGHTNESS,Brightness: 89%
2025-06-16 20:11:07,BRIGHTNESS,Brightness: 90%
2025-06-16 20:11:07,BRIGHTNESS,Brightness: 89%
2025-06-16 20:11:07,BRIGHTNESS,Brightness: 91%
2025-06-16 20:11:07,BRIGHTNESS,Brightness: 95%
2025-06-16 20:11:07,BRIGHTNESS,Brightness: 99%
2025-06-16 20:11:07,BRIGHTNESS,Brightness: 99%
2025-06-16 20:11:07,BRIGHTNESS,Brightness: 100%
2025-06-16 20:11:07,BRIGHTNESS,Brightness: 99%
2025-06-16 20:11:07,BRIGHTNESS,Brightness: 93%
2025-06-16 20:11:08,BRIGHTNESS,Brightness: 92%
2025-06-16 20:11:08,BRIGHTNESS,Brightness: 92%
2025-06-16 20:11:08,BRIGHTNESS,Brightness: 93%
2025-06-16 20:11:08,BRIGHTNESS,Brightness: 93%
2025-06-16 20:11:08,BRIGHTNESS,Brightness: 92%
2025-06-16 20:11:08,BRIGHTNESS,Brightness: 93%
2025-06-16 20:11:08,BRIGHTNESS,Brightness: 91%
2025-06-16 20:11:08,BRIGHTNESS,Brightness: 91%
2025-06-16 20:11:08,BRIGHTNESS,Brightness: 91%
2025-06-16 20:11:08,BRIGHTNESS,Brightness: 90%
2025-06-16 20:11:08,BRIGHTNESS,Brightness: 91%
2025-06-16 20:11:08,BRIGHTNESS,Brightness: 90%
2025-06-16 20:11:09,BRIGHTNESS,Brightness: 91%
2025-06-16 20:11:09,BRIGHTNESS,Brightness: 90%
2025-06-16 20:11:09,BRIGHTNESS,Brightness: 89%
2025-06-16 20:11:09,BRIGHTNESS,Brightness: 86%
2025-06-16 20:11:09,BRIGHTNESS,Brightness: 86%
2025-06-16 20:11:09,BRIGHTNESS,Brightness: 85%
2025-06-16 20:11:09,BRIGHTNESS,Brightness: 84%
2025-06-16 20:11:09,BRIGHTNESS,Brightness: 84%
2025-06-16 20:11:09,BRIGHTNESS,Brightness: 83%
2025-06-16 20:11:09,BRIGHTNESS,Brightness: 83%
2025-06-16 20:11:09,BRIGHTNESS,Brightness: 82%
2025-06-16 20:11:09,BRIGHTNESS,Brightness: 82%
2025-06-16 20:11:10,BRIGHTNESS,Brightness: 82%
2025-06-16 20:11:10,BRIGHTNESS,Brightness: 81%
2025-06-16 20:11:10,BRIGHTNESS,Brightness: 81%
2025-06-16 20:11:10,BRIGHTNESS,Brightness: 80%
2025-06-16 20:11:10,BRIGHTNESS,Brightness: 80%
2025-06-16 20:11:10,BRIGHTNESS,Brightness: 80%
2025-06-16 20:11:10,BRIGHTNESS,Brightness: 80%
2025-06-16 20:11:10,BRIGHTNESS,Brightness: 80%
2025-06-16 20:11:10,BRIGHTNESS,Brightness: 80%
2025-06-16 20:11:10,BRIGHTNESS,Brightness: 80%
2025-06-16 20:11:10,BRIGHTNESS,Brightness: 80%
2025-06-16 20:11:11,BRIGHTNESS,Brightness: 79%
2025-06-16 20:11:11,BRIGHTNESS,Brightness: 79%
2025-06-16 20:11:11,BRIGHTNESS,Brightness: 79%
2025-06-16 20:11:11,BRIGHTNESS,Brightness: 79%
2025-06-16 20:11:11,BRIGHTNESS,Brightness: 79%
2025-06-16 20:11:11,BRIGHTNESS,Brightness: 79%
2025-06-16 20:11:11,BRIGHTNESS,Brightness: 79%
2025-06-16 20:11:11,BRIGHTNESS,Brightness: 79%
2025-06-16 20:11:11,BRIGHTNESS,Brightness: 80%
2025-06-16 20:11:11,BRIGHTNESS,Brightness: 85%
2025-06-16 20:11:11,BRIGHTNESS,Brightness: 89%
2025-06-16 20:11:11,BRIGHTNESS,Brightness: 88%
2025-06-16 20:11:12,BRIGHTNESS,Brightness: 89%
2025-06-16 20:11:12,BRIGHTNESS,Brightness: 84%
2025-06-16 20:11:12,BRIGHTNESS,Brightness: 69%
2025-06-16 20:11:12,BRIGHTNESS,Brightness: 71%
2025-06-16 20:11:12,BRIGHTNESS,Brightness: 72%
2025-06-16 20:11:12,BRIGHTNESS,Brightness: 74%
2025-06-16 20:11:12,BRIGHTNESS,Brightness: 74%
2025-06-16 20:11:12,BRIGHTNESS,Brightness: 75%
2025-06-16 20:11:12,BRIGHTNESS,Brightness: 76%
2025-06-16 20:11:12,BRIGHTNESS,Brightness: 77%
2025-06-16 20:11:13,BRIGHTNESS,Brightness: 92%
2025-06-16 20:11:13,BRIGHTNESS,Brightness: 93%
2025-06-16 20:11:13,BRIGHTNESS,Brightness: 93%
2025-06-16 20:11:13,BRIGHTNESS,Brightness: 93%
2025-06-16 20:11:13,BRIGHTNESS,Brightness: 98%
2025-06-16 20:11:13,BRIGHTNESS,Brightness: 97%
2025-06-16 20:11:13,BRIGHTNESS,Brightness: 100%
2025-06-16 20:11:13,BRIGHTNESS,Brightness: 100%
2025-06-16 20:11:13,BRIGHTNESS,Brightness: 100%
2025-06-16 20:11:13,BRIGHTNESS,Brightness: 100%
2025-06-16 20:11:13,BRIGHTNESS,Brightness: 100%
2025-06-16 20:11:13,BRIGHTNESS,Brightness: 100%
2025-06-16 20:11:14,BRIGHTNESS,Brightness: 100%
2025-06-16 20:11:14,BRIGHTNESS,Brightness: 100%
2025-06-16 20:11:14,BRIGHTNESS,Brightness: 100%
2025-06-16 20:11:14,BRIGHTNESS,Brightness: 100%
2025-06-16 20:11:14,BRIGHTNESS,Brightness: 100%
2025-06-16 20:11:14,BRIGHTNESS,Brightness: 100%
2025-06-16 20:11:14,BRIGHTNESS,Brightness: 100%
2025-06-16 20:11:14,BRIGHTNESS,Brightness: 100%
2025-06-16 20:11:14,BRIGHTNESS,Brightness: 100%
2025-06-16 20:11:14,BRIGHTNESS,Brightness: 100%
2025-06-16 20:11:14,BRIGHTNESS,Brightness: 75%
2025-06-16 20:11:15,BRIGHTNESS,Brightness: 74%
2025-06-16 20:11:15,BRIGHTNESS,Brightness: 78%
2025-06-16 20:11:15,BRIGHTNESS,Brightness: 79%
2025-06-16 20:11:15,BRIGHTNESS,Brightness: 78%
2025-06-16 20:11:15,BRIGHTNESS,Brightness: 78%
2025-06-16 20:11:15,BRIGHTNESS,Brightness: 78%
2025-06-16 20:11:15,BRIGHTNESS,Brightness: 78%
2025-06-16 20:11:15,BRIGHTNESS,Brightness: 77%
2025-06-16 20:11:15,BRIGHTNESS,Brightness: 76%
2025-06-16 20:11:15,BRIGHTNESS,Brightness: 76%
2025-06-16 20:11:15,BRIGHTNESS,Brightness: 76%
2025-06-16 20:11:16,BRIGHTNESS,Brightness: 76%
2025-06-16 20:11:16,BRIGHTNESS,Brightness: 77%
2025-06-16 20:11:16,BRIGHTNESS,Brightness: 78%
2025-06-16 20:11:16,BRIGHTNESS,Brightness: 76%
2025-06-16 20:11:18,BRIGHTNESS,Brightness: 89%
2025-06-16 20:11:19,BRIGHTNESS,Brightness: 78%
2025-06-16 20:11:19,BRIGHTNESS,Brightness: 76%
2025-06-16 20:11:19,BRIGHTNESS,Brightness: 74%
2025-06-16 20:11:19,BRIGHTNESS,Brightness: 75%
2025-06-16 20:11:19,BRIGHTNESS,Brightness: 75%
2025-06-16 20:11:19,BRIGHTNESS,Brightness: 75%
2025-06-16 20:11:19,BRIGHTNESS,Brightness: 75%
2025-06-16 20:11:19,BRIGHTNESS,Brightness: 75%
2025-06-16 20:11:19,BRIGHTNESS,Brightness: 75%
2025-06-16 20:11:19,BRIGHTNESS,Brightness: 75%
2025-06-16 20:11:19,BRIGHTNESS,Brightness: 76%
2025-06-16 20:11:19,BRIGHTNESS,Brightness: 80%
2025-06-16 20:11:20,BRIGHTNESS,Brightness: 79%
2025-06-16 20:11:22,VOLUME,Volume adjusted
2025-06-16 20:11:23,VOLUME,Volume adjusted
2025-06-16 20:11:26,COPY,Copied selection
2025-06-16 20:11:26,COPY,Copied selection
2025-06-16 20:11:27,COPY,Copied selection
2025-06-16 20:11:27,COPY,Copied selection
2025-06-16 20:11:27,COPY,Copied selection
2025-06-16 20:11:27,COPY,Copied selection
2025-06-16 20:11:27,COPY,Copied selection
2025-06-16 20:11:27,COPY,Copied selection
2025-06-16 20:11:27,COPY,Copied selection
2025-06-16 20:11:28,COPY,Copied selection
2025-06-16 20:11:28,COPY,Copied selection
2025-06-16 20:11:28,COPY,Copied selection
2025-06-16 20:11:28,COPY,Copied selection
2025-06-16 20:11:28,COPY,Copied selection
2025-06-16 20:11:28,COPY,Copied selection
2025-06-16 20:11:28,COPY,Copied selection
2025-06-16 20:11:29,COPY,Copied selection
2025-06-16 20:11:29,COPY,Copied selection
2025-06-16 20:11:29,COPY,Copied selection
2025-06-16 20:11:29,COPY,Copied selection
2025-06-16 20:11:29,COPY,Copied selection
2025-06-16 20:11:29,COPY,Copied selection
2025-06-16 20:11:30,COPY,Copied selection
2025-06-16 20:11:30,COPY,Copied selection
2025-06-16 20:11:30,BRIGHTNESS,Brightness: 100%
2025-06-16 20:11:31,COPY,Copied selection
2025-06-16 20:11:31,COPY,Copied selection
2025-06-16 20:11:31,COPY,Copied selection
2025-06-16 20:11:31,COPY,Copied selection
2025-06-16 20:11:31,COPY,Copied selection
2025-06-16 20:11:32,COPY,Copied selection
2025-06-16 20:11:32,COPY,Copied selection
2025-06-16 20:11:32,COPY,Copied selection
2025-06-16 20:11:32,COPY,Copied selection
2025-06-16 20:11:32,COPY,Copied selection
2025-06-16 20:11:32,COPY,Copied selection
2025-06-16 20:11:35,SCREENSHOT,Screenshot saved as screenshot_20250616_201135.png
2025-06-16 20:11:47,SCREENSHOT,Screenshot saved as screenshot_20250616_201147.png
2025-06-16 20:11:52,VOLUME,Volume adjusted
2025-06-16 20:11:53,VOLUME,Volume adjusted
2025-06-16 20:12:06,SCREENSHOT,Screenshot saved as screenshot_20250616_201206.png
2025-06-16 20:12:08,BRIGHTNESS,Brightness: 100%
2025-06-16 20:12:08,BRIGHTNESS,Brightness: 100%
2025-06-16 20:12:10,BRIGHTNESS,Brightness: 100%
2025-06-16 20:12:10,COPY,Copied selection
2025-06-16 20:12:11,PASTE,Pasted clipboard
2025-06-16 20:12:11,PASTE,Pasted clipboard
2025-06-16 20:12:11,PASTE,Pasted clipboard
2025-06-16 20:12:11,PASTE,Pasted clipboard
2025-06-16 20:12:12,PASTE,Pasted clipboard
2025-06-16 20:12:12,PASTE,Pasted clipboard
2025-06-16 20:12:12,PASTE,Pasted clipboard
2025-06-16 20:12:12,PASTE,Pasted clipboard
2025-06-16 20:12:12,PASTE,Pasted clipboard
2025-06-16 20:12:12,PASTE,Pasted clipboard
2025-06-16 20:12:13,PASTE,Pasted clipboard
2025-06-16 20:12:13,PASTE,Pasted clipboard
2025-06-16 20:12:13,PASTE,Pasted clipboard
2025-06-16 20:12:13,PASTE,Pasted clipboard
2025-06-16 20:12:13,PASTE,Pasted clipboard
2025-06-16 20:12:13,PASTE,Pasted clipboard
2025-06-16 20:12:13,PASTE,Pasted clipboard
2025-06-16 20:12:13,PASTE,Pasted clipboard
2025-06-16 20:12:14,PASTE,Pasted clipboard
2025-06-16 20:36:27,BRIGHTNESS,Brightness: 100%
2025-06-16 20:36:27,BRIGHTNESS,Brightness: 98%
2025-06-16 20:36:27,BRIGHTNESS,Brightness: 96%
2025-06-16 20:36:30,SCREENSHOT,Screenshot saved as screenshot_20250616_203629.png
2025-06-16 20:36:35,BRIGHTNESS,Brightness: 96%
2025-06-16 20:36:36,BRIGHTNESS,Brightness: 94%
2025-06-16 20:36:36,BRIGHTNESS,Brightness: 89%
2025-06-16 20:36:36,BRIGHTNESS,Brightness: 88%
2025-06-16 20:36:36,BRIGHTNESS,Brightness: 86%
2025-06-16 20:36:37,BRIGHTNESS,Brightness: 96%
2025-06-16 20:36:37,BRIGHTNESS,Brightness: 100%
2025-06-16 20:36:37,BRIGHTNESS,Brightness: 100%
2025-06-16 20:36:37,BRIGHTNESS,Brightness: 100%
2025-06-16 20:36:37,BRIGHTNESS,Brightness: 100%
2025-06-16 20:36:37,BRIGHTNESS,Brightness: 100%
2025-06-16 20:36:38,BRIGHTNESS,Brightness: 100%
2025-06-16 20:36:38,BRIGHTNESS,Brightness: 100%
2025-06-16 20:36:38,BRIGHTNESS,Brightness: 100%
2025-06-16 20:36:38,BRIGHTNESS,Brightness: 100%
2025-06-16 20:36:38,BRIGHTNESS,Brightness: 100%
2025-06-16 20:36:38,BRIGHTNESS,Brightness: 100%
2025-06-16 20:36:38,BRIGHTNESS,Brightness: 100%
2025-06-16 20:36:38,BRIGHTNESS,Brightness: 100%
2025-06-16 20:36:38,BRIGHTNESS,Brightness: 100%
2025-06-16 20:36:38,BRIGHTNESS,Brightness: 100%
2025-06-16 20:36:38,BRIGHTNESS,Brightness: 100%
2025-06-16 20:36:39,BRIGHTNESS,Brightness: 100%
2025-06-16 20:36:39,BRIGHTNESS,Brightness: 100%
2025-06-16 20:36:39,BRIGHTNESS,Brightness: 100%
2025-06-16 20:36:39,BRIGHTNESS,Brightness: 100%
2025-06-16 20:36:39,BRIGHTNESS,Brightness: 100%
2025-06-16 20:36:39,BRIGHTNESS,Brightness: 100%
2025-06-16 20:36:39,BRIGHTNESS,Brightness: 99%
2025-06-16 20:36:39,BRIGHTNESS,Brightness: 97%
2025-06-16 20:36:39,BRIGHTNESS,Brightness: 93%
2025-06-16 20:36:39,BRIGHTNESS,Brightness: 92%
2025-06-16 20:36:41,BRIGHTNESS,Brightness: 100%
2025-06-16 20:36:51,PASTE,Pasted clipboard
2025-06-16 20:36:51,BRIGHTNESS,Brightness: 100%
2025-06-16 20:36:58,BRIGHTNESS,Brightness: 100%
2025-06-16 20:36:58,BRIGHTNESS,Brightness: 98%
2025-06-16 20:36:58,BRIGHTNESS,Brightness: 97%
2025-06-16 20:37:10,BRIGHTNESS,Brightness: 97%
2025-06-16 20:37:12,BRIGHTNESS,Brightness: 97%
2025-06-16 20:37:12,BRIGHTNESS,Brightness: 98%
2025-06-16 20:37:12,BRIGHTNESS,Brightness: 98%
2025-06-16 20:37:12,BRIGHTNESS,Brightness: 99%
2025-06-16 20:37:12,BRIGHTNESS,Brightness: 99%
2025-06-16 20:37:12,BRIGHTNESS,Brightness: 99%
2025-06-16 20:37:13,BRIGHTNESS,Brightness: 99%
2025-06-16 20:37:13,BRIGHTNESS,Brightness: 99%
2025-06-16 20:37:13,BRIGHTNESS,Brightness: 99%
2025-06-16 20:37:13,BRIGHTNESS,Brightness: 99%
2025-06-16 20:37:17,BRIGHTNESS,Brightness: 100%
2025-06-16 20:37:18,BRIGHTNESS,Brightness: 100%
2025-06-16 20:37:18,BRIGHTNESS,Brightness: 100%
2025-06-16 20:37:18,BRIGHTNESS,Brightness: 100%
2025-06-16 20:37:18,BRIGHTNESS,Brightness: 100%
2025-06-16 20:37:18,BRIGHTNESS,Brightness: 100%
2025-06-16 20:37:18,BRIGHTNESS,Brightness: 100%
2025-06-16 20:37:19,BRIGHTNESS,Brightness: 100%
2025-06-16 20:37:24,SCREENSHOT,Screenshot saved as screenshot_20250616_203724.png
2025-06-16 20:37:28,SCREENSHOT,Screenshot saved as screenshot_20250616_203728.png
2025-06-16 20:37:30,SCREENSHOT,Screenshot saved as screenshot_20250616_203730.png
2025-06-16 20:37:32,SCREENSHOT,Screenshot saved as screenshot_20250616_203732.png
2025-06-16 20:37:35,SCREENSHOT,Screenshot saved as screenshot_20250616_203735.png
2025-06-16 20:37:46,BRIGHTNESS,Brightness: 100%
2025-06-16 20:37:46,BRIGHTNESS,Brightness: 100%
2025-06-16 20:37:46,COPY,Copied selection
2025-06-16 20:37:46,COPY,Copied selection
2025-06-16 20:37:46,COPY,Copied selection
2025-06-16 20:37:46,COPY,Copied selection
2025-06-16 20:37:47,COPY,Copied selection
2025-06-16 20:37:47,COPY,Copied selection
2025-06-16 20:37:47,COPY,Copied selection
2025-06-16 20:37:47,COPY,Copied selection
2025-06-16 20:37:47,COPY,Copied selection
2025-06-16 20:37:47,COPY,Copied selection
2025-06-16 20:37:47,COPY,Copied selection
2025-06-16 20:37:48,COPY,Copied selection
2025-06-16 20:37:48,COPY,Copied selection
2025-06-16 20:37:48,COPY,Copied selection
2025-06-16 20:37:48,COPY,Copied selection
2025-06-16 20:37:48,COPY,Copied selection
2025-06-16 20:37:48,COPY,Copied selection
2025-06-16 20:37:49,COPY,Copied selection
2025-06-16 20:37:49,COPY,Copied selection
2025-06-16 20:37:49,COPY,Copied selection
2025-06-16 20:37:51,COPY,Copied selection
2025-06-16 20:37:51,COPY,Copied selection
2025-06-16 20:37:51,COPY,Copied selection
2025-06-16 20:37:51,COPY,Copied selection
2025-06-16 20:37:51,COPY,Copied selection
2025-06-16 20:37:53,COPY,Copied selection
2025-06-16 20:37:54,COPY,Copied selection
2025-06-16 20:37:54,COPY,Copied selection
2025-06-16 20:37:54,COPY,Copied selection
2025-06-16 20:37:54,COPY,Copied selection
2025-06-16 20:37:55,COPY,Copied selection
2025-06-16 20:37:55,COPY,Copied selection
2025-06-16 20:37:55,COPY,Copied selection
2025-06-16 20:37:55,COPY,Copied selection
2025-06-16 20:37:55,COPY,Copied selection
2025-06-16 20:37:55,COPY,Copied selection
2025-06-16 20:37:55,COPY,Copied selection
2025-06-16 20:37:56,COPY,Copied selection
2025-06-16 20:37:56,COPY,Copied selection
2025-06-16 20:37:56,COPY,Copied selection
2025-06-16 20:37:56,COPY,Copied selection
2025-06-16 20:37:56,COPY,Copied selection
2025-06-16 20:37:56,COPY,Copied selection
2025-06-16 20:37:57,COPY,Copied selection
2025-06-16 20:37:57,COPY,Copied selection
2025-06-16 20:37:57,COPY,Copied selection
2025-06-16 20:37:57,COPY,Copied selection
2025-06-16 20:37:57,COPY,Copied selection
2025-06-16 20:37:57,COPY,Copied selection
2025-06-16 20:37:58,SCREENSHOT,Screenshot saved as screenshot_20250616_203757.png
2025-06-16 20:38:03,COPY,Copied selection
2025-06-16 20:38:04,SCREENSHOT,Screenshot saved as screenshot_20250616_203804.png
2025-06-16 20:38:07,PASTE,Pasted clipboard
2025-06-16 20:38:08,PASTE,Pasted clipboard
2025-06-16 20:38:08,PASTE,Pasted clipboard
2025-06-16 20:38:08,PASTE,Pasted clipboard
2025-06-16 20:38:08,PASTE,Pasted clipboard
2025-06-16 20:38:08,PASTE,Pasted clipboard
2025-06-16 20:38:08,PASTE,Pasted clipboard
2025-06-16 20:38:09,SCREENSHOT,Screenshot saved as screenshot_20250616_203809.png
2025-06-16 20:38:09,PASTE,Pasted clipboard
2025-06-16 20:38:09,PASTE,Pasted clipboard
2025-06-16 20:38:09,PASTE,Pasted clipboard
2025-06-16 20:38:09,PASTE,Pasted clipboard
2025-06-16 20:38:11,PASTE,Pasted clipboard
2025-06-16 20:38:11,PASTE,Pasted clipboard
2025-06-16 20:38:11,PASTE,Pasted clipboard
2025-06-16 20:38:11,PASTE,Pasted clipboard
2025-06-16 20:38:11,PASTE,Pasted clipboard
2025-06-16 20:38:11,PASTE,Pasted clipboard
2025-06-16 20:38:12,PASTE,Pasted clipboard
2025-06-16 20:38:12,PASTE,Pasted clipboard
2025-06-16 20:38:12,PASTE,Pasted clipboard
2025-06-16 20:38:12,PASTE,Pasted clipboard
2025-06-16 20:38:12,PASTE,Pasted clipboard
2025-06-16 20:38:12,PASTE,Pasted clipboard
2025-06-16 20:38:13,PASTE,Pasted clipboard
2025-06-16 20:38:13,PASTE,Pasted clipboard
2025-06-16 20:38:13,PASTE,Pasted clipboard
2025-06-16 20:38:13,PASTE,Pasted clipboard
2025-06-16 20:38:13,PASTE,Pasted clipboard
2025-06-16 20:38:13,PASTE,Pasted clipboard
2025-06-16 20:38:13,PASTE,Pasted clipboard
2025-06-16 20:38:14,PASTE,Pasted clipboard
2025-06-16 20:38:14,PASTE,Pasted clipboard
2025-06-16 20:38:14,PASTE,Pasted clipboard
2025-06-16 20:38:14,PASTE,Pasted clipboard
2025-06-16 20:38:14,PASTE,Pasted clipboard
2025-06-16 20:38:14,PASTE,Pasted clipboard
2025-06-16 20:38:14,PASTE,Pasted clipboard
2025-06-16 20:38:15,PASTE,Pasted clipboard
2025-06-16 20:38:15,PASTE,Pasted clipboard
2025-06-16 20:38:15,PASTE,Pasted clipboard
2025-06-16 20:38:15,PASTE,Pasted clipboard
2025-06-16 20:38:15,PASTE,Pasted clipboard
2025-06-16 20:38:16,PASTE,Pasted clipboard
2025-06-16 20:38:16,PASTE,Pasted clipboard
2025-06-16 20:38:16,PASTE,Pasted clipboard
2025-06-16 20:38:16,PASTE,Pasted clipboard
2025-06-16 20:38:16,PASTE,Pasted clipboard
2025-06-16 20:38:16,PASTE,Pasted clipboard
2025-06-16 20:38:17,PASTE,Pasted clipboard
2025-06-16 20:38:17,PASTE,Pasted clipboard
2025-06-16 20:38:17,PASTE,Pasted clipboard
2025-06-16 20:38:19,VOLUME,Volume adjusted
2025-06-16 20:38:22,PASTE,Pasted clipboard
2025-06-16 20:38:22,PASTE,Pasted clipboard
2025-06-16 20:38:23,PASTE,Pasted clipboard
2025-06-16 20:38:23,PASTE,Pasted clipboard
2025-06-16 20:38:23,PASTE,Pasted clipboard
2025-06-16 20:38:23,PASTE,Pasted clipboard
2025-06-16 20:38:24,PASTE,Pasted clipboard
2025-06-16 20:38:24,PASTE,Pasted clipboard
2025-06-16 20:38:24,PASTE,Pasted clipboard
2025-06-16 20:38:24,PASTE,Pasted clipboard
2025-06-16 20:38:24,PASTE,Pasted clipboard
2025-06-16 20:38:24,PASTE,Pasted clipboard
2025-06-16 20:38:25,PASTE,Pasted clipboard
2025-06-16 20:38:25,PASTE,Pasted clipboard
2025-06-16 20:38:25,PASTE,Pasted clipboard
2025-06-16 20:38:25,PASTE,Pasted clipboard
2025-06-16 20:38:25,PASTE,Pasted clipboard
2025-06-16 20:38:26,PASTE,Pasted clipboard
2025-06-16 20:38:26,PASTE,Pasted clipboard
2025-06-16 20:38:26,PASTE,Pasted clipboard
2025-06-16 20:38:26,PASTE,Pasted clipboard
2025-06-16 20:38:26,PASTE,Pasted clipboard
2025-06-16 20:38:26,PASTE,Pasted clipboard
2025-06-16 20:38:27,PASTE,Pasted clipboard
2025-06-16 20:38:27,PASTE,Pasted clipboard
2025-06-16 20:38:27,PASTE,Pasted clipboard
2025-06-16 20:38:27,PASTE,Pasted clipboard
2025-06-16 20:38:27,PASTE,Pasted clipboard
2025-06-16 20:38:27,PASTE,Pasted clipboard
2025-06-16 20:38:28,PASTE,Pasted clipboard
2025-06-16 20:38:28,PASTE,Pasted clipboard
2025-06-16 20:38:28,PASTE,Pasted clipboard
2025-06-16 20:38:28,PASTE,Pasted clipboard
2025-06-16 20:38:30,PASTE,Pasted clipboard
2025-06-16 20:38:30,PASTE,Pasted clipboard
2025-06-16 20:38:30,PASTE,Pasted clipboard
2025-06-16 20:38:30,COPY,Copied selection
2025-06-16 20:38:30,COPY,Copied selection
2025-06-16 20:38:31,COPY,Copied selection
2025-06-16 20:38:32,PASTE,Pasted clipboard
2025-06-16 20:38:34,BRIGHTNESS,Brightness: 100%
2025-06-16 20:38:34,PASTE,Pasted clipboard
2025-06-16 20:38:37,PASTE,Pasted clipboard
2025-06-16 20:38:37,PASTE,Pasted clipboard
2025-06-16 20:38:37,PASTE,Pasted clipboard
2025-06-16 20:38:39,PASTE,Pasted clipboard
2025-06-16 20:38:39,PASTE,Pasted clipboard
2025-06-16 20:38:39,PASTE,Pasted clipboard
2025-06-16 20:38:39,PASTE,Pasted clipboard
2025-06-16 20:38:40,PASTE,Pasted clipboard
2025-06-16 20:38:41,PASTE,Pasted clipboard
2025-06-16 20:38:41,PASTE,Pasted clipboard
2025-06-16 20:38:45,COPY,Copied selection
